ticket_id,created_date,resolved_date,priority,category,assigned_team,sla_hours,resolution_time_hours,status
1001,2025-02-16,2025-02-17 07:00:00,Medium,Software,Security Team,48,31,Closed
1002,2025-06-15,2025-06-15 05:00:00,Critical,Access,Network Team,8,5,Closed
1003,2025-06-08,2025-06-08 21:00:00,High,Hardware,Network Team,24,21,Closed
1004,2025-06-25,2025-06-27 07:00:00,Medium,Access,Security Team,48,55,Closed
1005,2025-01-29,2025-02-02 02:00:00,Low,Access,Service Desk,72,98,Closed
1006,2025-01-15,2025-01-17 00:00:00,Low,Software,Service Desk,72,48,Closed
1007,2025-03-12,2025-03-16 18:00:00,Low,Access,Network Team,72,114,Closed
1008,2025-05-03,2025-05-03 21:00:00,High,Software,Service Desk,24,21,Closed
1009,2025-01-24,2025-01-25 23:00:00,Medium,Network,Security Team,48,47,Closed
1010,2025-04-17,2025-04-17 16:00:00,High,Network,Service Desk,24,16,Closed
1011,2025-02-11,2025-02-11 02:00:00,Low,Software,Network Team,72,2,Closed
1012,2025-01-06,2025-01-06 10:00:00,Critical,Network,Security Team,8,10,Closed
1013,2025-01-31,2025-02-01 07:00:00,High,Hardware,Service Desk,24,31,Closed
1014,2025-04-29,2025-05-01 15:00:00,Low,Access,Infrastructure Team,72,63,Closed
1015,2025-01-25,2025-01-28 01:00:00,Low,Hardware,Security Team,72,73,Closed
1016,2025-04-30,2025-05-03 14:00:00,Low,Access,Security Team,72,86,Closed
1017,2025-03-17,2025-03-17 17:00:00,Medium,Network,Infrastructure Team,48,17,Closed
1018,2025-05-28,2025-05-29 13:00:00,Medium,Hardware,Infrastructure Team,48,37,Closed
1019,2025-06-23,2025-06-25 15:00:00,Medium,Network,Security Team,48,63,Closed
1020,2025-05-16,2025-05-17 11:00:00,Low,Access,Infrastructure Team,72,35,Closed
1021,2025-01-09,2025-01-11 05:00:00,Medium,Software,Network Team,48,53,Closed
1022,2025-01-04,2025-01-05 08:00:00,Low,Software,Network Team,72,32,Closed
1023,2025-05-27,2025-05-30 13:00:00,Low,Hardware,Network Team,72,85,Closed
1024,2025-01-04,2025-01-05 23:00:00,Medium,Network,Security Team,48,47,Closed
1025,2025-05-06,2025-05-06 16:00:00,Medium,Network,Infrastructure Team,48,16,Closed
1026,2025-05-18,2025-05-19 11:00:00,High,Hardware,Infrastructure Team,24,35,Closed
1027,2025-05-05,2025-05-07 02:00:00,Low,Software,Service Desk,72,50,Closed
1028,2025-05-17,2025-05-18 08:00:00,Medium,Access,Service Desk,48,32,Closed
1029,2025-04-12,2025-04-14 03:00:00,Medium,Hardware,Infrastructure Team,48,51,Closed
1030,2025-04-11,2025-04-15 09:00:00,Low,Access,Infrastructure Team,72,105,Closed
1031,2025-05-28,2025-05-29 04:00:00,Medium,Software,Infrastructure Team,48,28,Closed
1032,2025-04-23,2025-04-26 01:00:00,Low,Network,Security Team,72,73,Closed
1033,2025-01-10,2025-01-13 12:00:00,Low,Software,Infrastructure Team,72,84,Closed
1034,2025-01-01,2025-01-01 10:00:00,Critical,Hardware,Service Desk,8,10,Closed
1035,2025-05-12,2025-05-12 08:00:00,Critical,Network,Security Team,8,8,Closed
1036,2025-06-27,2025-06-27 20:00:00,High,Hardware,Infrastructure Team,24,20,Closed
1037,2025-03-03,2025-03-04 08:00:00,Medium,Hardware,Service Desk,48,32,Closed
1038,2025-04-04,2025-04-07 02:00:00,Low,Software,Security Team,72,74,Closed
1039,2025-02-07,2025-02-08 03:00:00,Medium,Hardware,Infrastructure Team,48,27,Closed
1040,2025-03-17,2025-03-17 01:00:00,Medium,Software,Infrastructure Team,48,1,Closed
1041,2025-05-29,2025-06-01 12:00:00,Low,Network,Infrastructure Team,72,84,Closed
1042,2025-01-06,2025-01-08 17:00:00,Medium,Software,Security Team,48,65,Closed
1043,2025-06-25,2025-06-25 03:00:00,Low,Network,Service Desk,72,3,Closed
1044,2025-01-18,2025-01-18 04:00:00,Critical,Software,Service Desk,8,4,Closed
1045,2025-06-03,2025-06-06 17:00:00,Low,Access,Network Team,72,89,Closed
1046,2025-02-10,2025-02-13 15:00:00,Medium,Access,Infrastructure Team,48,87,Closed
1047,2025-02-03,2025-02-05 00:00:00,Medium,Hardware,Network Team,48,48,Closed
1048,2025-01-16,2025-01-17 10:00:00,Medium,Software,Network Team,48,34,Closed
1049,2025-04-04,2025-04-05 20:00:00,Medium,Software,Service Desk,48,44,Closed
1050,2025-03-09,2025-03-13 15:00:00,Low,Network,Security Team,72,111,Closed
1051,2025-02-15,2025-02-15 05:00:00,Critical,Hardware,Security Team,8,5,Closed
1052,2025-01-27,2025-01-27 16:00:00,High,Software,Service Desk,24,16,Closed
1053,2025-03-04,2025-03-04 06:00:00,Critical,Hardware,Security Team,8,6,Closed
1054,2025-01-18,2025-01-18 14:00:00,High,Access,Network Team,24,14,Closed
1055,2025-05-22,2025-05-24 02:00:00,Medium,Software,Infrastructure Team,48,50,Closed
1056,2025-03-28,2025-03-28 13:00:00,Critical,Software,Service Desk,8,13,Closed
1057,2025-06-18,2025-06-21 09:00:00,Low,Hardware,Infrastructure Team,72,81,Closed
1058,2025-03-14,2025-03-16 16:00:00,Low,Software,Security Team,72,64,Closed
1059,2025-02-22,2025-02-24 15:00:00,Low,Hardware,Infrastructure Team,72,63,Closed
1060,2025-06-27,2025-06-27 17:00:00,Medium,Software,Security Team,48,17,Closed
1061,2025-05-22,2025-05-24 16:00:00,Medium,Network,Security Team,48,64,Closed
1062,2025-06-02,2025-06-04 21:00:00,Low,Hardware,Network Team,72,69,Closed
1063,2025-01-22,2025-01-22 22:00:00,High,Software,Security Team,24,22,Closed
1064,2025-03-17,2025-03-21 13:00:00,Medium,Access,Network Team,48,109,Closed
1065,2025-03-13,2025-03-16 08:00:00,Low,Software,Network Team,72,80,Closed
1066,2025-06-25,2025-06-26 09:00:00,Medium,Access,Network Team,48,33,Closed
1067,2025-05-29,2025-05-31 11:00:00,Low,Access,Service Desk,72,59,Closed
1068,2025-04-03,2025-04-04 11:00:00,High,Network,Service Desk,24,35,Closed
1069,2025-04-30,2025-05-03 03:00:00,Low,Hardware,Security Team,72,75,Closed
1070,2025-03-13,2025-03-13 03:00:00,Critical,Software,Network Team,8,3,Closed
1071,2025-06-05,2025-06-06 08:00:00,High,Network,Service Desk,24,32,Closed
1072,2025-06-18,2025-06-20 04:00:00,Low,Software,Network Team,72,52,Closed
1073,2025-01-21,2025-01-26 05:00:00,Low,Access,Infrastructure Team,72,125,Closed
1074,2025-06-16,2025-06-17 10:00:00,High,Hardware,Infrastructure Team,24,34,Closed
1075,2025-01-26,2025-01-26 19:00:00,High,Software,Infrastructure Team,24,19,Closed
1076,2025-02-04,2025-02-05 12:00:00,High,Software,Security Team,24,36,Closed
1077,2025-02-28,2025-03-01 00:00:00,High,Access,Network Team,24,24,Closed
1078,2025-06-25,2025-06-29 00:00:00,Low,Software,Infrastructure Team,72,96,Closed
1079,2025-02-14,2025-02-16 09:00:00,Medium,Software,Service Desk,48,57,Closed
1080,2025-06-03,2025-06-04 23:00:00,Low,Access,Infrastructure Team,72,47,Closed
1081,2025-04-25,2025-04-25 17:00:00,High,Network,Infrastructure Team,24,17,Closed
1082,2025-05-10,2025-05-12 19:00:00,Medium,Access,Infrastructure Team,48,67,Closed
1083,2025-05-05,2025-05-06 17:00:00,Medium,Network,Security Team,48,41,Closed
1084,2025-02-28,2025-03-02 12:00:00,Low,Hardware,Service Desk,72,60,Closed
1085,2025-05-16,2025-05-17 05:00:00,Medium,Network,Network Team,48,29,Closed
1086,2025-02-21,2025-02-23 08:00:00,Medium,Network,Service Desk,48,56,Closed
1087,2025-04-01,2025-04-02 19:00:00,High,Hardware,Network Team,24,43,Closed
1088,2025-03-31,2025-04-01 03:00:00,Medium,Network,Security Team,48,27,Closed
1089,2025-05-08,2025-05-09 00:00:00,High,Access,Security Team,24,24,Closed
1090,2025-06-24,2025-06-27 03:00:00,Medium,Network,Security Team,48,75,Closed
1091,2025-05-29,2025-05-31 21:00:00,Low,Hardware,Security Team,72,69,Closed
1092,2025-05-16,2025-05-17 04:00:00,High,Access,Network Team,24,28,Closed
1093,2025-02-20,2025-02-20 13:00:00,High,Hardware,Infrastructure Team,24,13,Closed
1094,2025-02-25,2025-02-27 08:00:00,Medium,Hardware,Network Team,48,56,Closed
1095,2025-05-14,2025-05-14 22:00:00,High,Software,Service Desk,24,22,Closed
1096,2025-02-14,2025-02-16 18:00:00,Medium,Software,Security Team,48,66,Closed
1097,2025-03-20,2025-03-22 22:00:00,Medium,Hardware,Security Team,48,70,Closed
1098,2025-05-30,2025-06-03 01:00:00,Medium,Hardware,Service Desk,48,97,Closed
1099,2025-02-19,2025-02-22 16:00:00,Low,Hardware,Network Team,72,88,Closed
1100,2025-06-03,2025-06-06 09:00:00,Low,Software,Infrastructure Team,72,81,Closed
1101,2025-03-04,2025-03-07 05:00:00,Low,Software,Infrastructure Team,72,77,Closed
1102,2025-06-27,2025-06-28 17:00:00,Medium,Network,Service Desk,48,41,Closed
1103,2025-02-26,2025-02-28 06:00:00,Medium,Network,Infrastructure Team,48,54,Closed
1104,2025-03-28,2025-03-29 18:00:00,Medium,Hardware,Network Team,48,42,Closed
1105,2025-06-21,2025-06-21 08:00:00,Critical,Access,Network Team,8,8,Closed
1106,2025-06-24,2025-06-28 13:00:00,Low,Access,Service Desk,72,109,Closed
1107,2025-03-28,2025-03-29 04:00:00,Medium,Software,Network Team,48,28,Closed
1108,2025-05-19,2025-05-20 10:00:00,High,Software,Security Team,24,34,Closed
1109,2025-06-29,2025-07-03 13:00:00,Low,Software,Service Desk,72,109,Closed
1110,2025-04-20,2025-04-22 20:00:00,Low,Hardware,Network Team,72,68,Closed
1111,2025-05-18,2025-05-18 10:00:00,Low,Access,Service Desk,72,10,Closed
1112,2025-02-23,2025-02-25 06:00:00,Low,Network,Infrastructure Team,72,54,Closed
1113,2025-04-07,2025-04-07 12:00:00,Critical,Hardware,Network Team,8,12,Closed
1114,2025-02-21,2025-02-21 23:00:00,High,Network,Security Team,24,23,Closed
1115,2025-04-27,2025-04-28 04:00:00,Medium,Network,Network Team,48,28,Closed
1116,2025-04-06,2025-04-06 19:00:00,High,Hardware,Service Desk,24,19,Closed
1117,2025-01-25,2025-01-26 08:00:00,High,Network,Service Desk,24,32,Closed
1118,2025-02-19,2025-02-22 15:00:00,Low,Access,Network Team,72,87,Closed
1119,2025-04-15,2025-04-15 21:00:00,High,Network,Security Team,24,21,Closed
1120,2025-02-11,2025-02-12 16:00:00,Medium,Access,Security Team,48,40,Closed
1121,2025-05-07,2025-05-07 20:00:00,High,Access,Security Team,24,20,Closed
1122,2025-01-11,2025-01-11 15:00:00,High,Access,Service Desk,24,15,Closed
1123,2025-02-20,2025-02-23 07:00:00,Medium,Software,Network Team,48,79,Closed
1124,2025-06-16,2025-06-18 14:00:00,Low,Network,Infrastructure Team,72,62,Closed
1125,2025-01-18,2025-01-22 11:00:00,Low,Hardware,Service Desk,72,107,Closed
1126,2025-01-22,2025-01-25 05:00:00,Medium,Hardware,Security Team,48,77,Closed
1127,2025-05-13,2025-05-14 09:00:00,High,Network,Network Team,24,33,Closed
1128,2025-04-24,2025-04-24 19:00:00,High,Software,Security Team,24,19,Closed
1129,2025-06-11,2025-06-14 11:00:00,Low,Software,Infrastructure Team,72,83,Closed
1130,2025-05-16,2025-05-17 23:00:00,Medium,Access,Security Team,48,47,Closed
1131,2025-01-28,2025-01-29 06:00:00,Medium,Network,Security Team,48,30,Closed
1132,2025-06-16,2025-06-19 09:00:00,Low,Network,Infrastructure Team,72,81,Closed
1133,2025-01-08,2025-01-09 14:00:00,Low,Hardware,Network Team,72,38,Closed
1134,2025-01-23,2025-01-25 22:00:00,Medium,Network,Service Desk,48,70,Closed
1135,2025-06-27,2025-06-27 06:00:00,Critical,Software,Network Team,8,6,Closed
1136,2025-04-07,2025-04-09 03:00:00,Medium,Network,Infrastructure Team,48,51,Closed
1137,2025-01-01,2025-01-03 05:00:00,Medium,Hardware,Security Team,48,53,Closed
1138,2025-06-28,2025-06-28 21:00:00,High,Access,Network Team,24,21,Closed
1139,2025-05-29,2025-05-31 11:00:00,Medium,Hardware,Service Desk,48,59,Closed
1140,2025-05-09,2025-05-09 06:00:00,Critical,Hardware,Infrastructure Team,8,6,Closed
1141,2025-05-21,2025-05-21 10:00:00,Critical,Access,Network Team,8,10,Closed
1142,2025-02-24,2025-02-25 09:00:00,Low,Hardware,Service Desk,72,33,Closed
1143,2025-04-16,2025-04-18 02:00:00,Medium,Hardware,Infrastructure Team,48,50,Closed
1144,2025-03-18,2025-03-21 13:00:00,Medium,Network,Service Desk,48,85,Closed
1145,2025-04-28,2025-04-29 19:00:00,Low,Network,Infrastructure Team,72,43,Closed
1146,2025-05-22,2025-05-24 04:00:00,Low,Access,Security Team,72,52,Closed
1147,2025-01-11,2025-01-13 09:00:00,Medium,Network,Network Team,48,57,Closed
1148,2025-06-09,2025-06-11 03:00:00,Medium,Network,Service Desk,48,51,Closed
1149,2025-04-10,2025-04-13 10:00:00,Low,Hardware,Infrastructure Team,72,82,Closed
1150,2025-05-06,2025-05-09 14:00:00,Low,Software,Service Desk,72,86,Closed
1151,2025-06-10,2025-06-10 10:00:00,Critical,Network,Service Desk,8,10,Closed
1152,2025-01-01,2025-01-05 07:00:00,Low,Software,Network Team,72,103,Closed
1153,2025-02-09,2025-02-12 11:00:00,Low,Network,Security Team,72,83,Closed
1154,2025-01-21,2025-01-22 19:00:00,Medium,Network,Service Desk,48,43,Closed
1155,2025-03-16,2025-03-16 10:00:00,Critical,Access,Infrastructure Team,8,10,Closed
1156,2025-06-29,2025-07-04 06:00:00,Low,Access,Infrastructure Team,72,126,Closed
1157,2025-03-26,2025-03-27 21:00:00,Medium,Access,Security Team,48,45,Closed
1158,2025-04-07,2025-04-07 14:00:00,High,Software,Infrastructure Team,24,14,Closed
1159,2025-03-17,2025-03-21 07:00:00,Low,Hardware,Security Team,72,103,Closed
1160,2025-02-24,2025-02-24 22:00:00,High,Network,Infrastructure Team,24,22,Closed
1161,2025-03-27,2025-03-27 06:00:00,Medium,Network,Network Team,48,6,Closed
1162,2025-01-19,2025-01-21 16:00:00,Medium,Network,Service Desk,48,64,Closed
1163,2025-02-03,2025-02-04 13:00:00,Medium,Software,Network Team,48,37,Closed
1164,2025-01-15,2025-01-16 22:00:00,Medium,Access,Service Desk,48,46,Closed
1165,2025-03-15,2025-03-18 09:00:00,Low,Hardware,Service Desk,72,81,Closed
1166,2025-02-21,2025-02-22 01:00:00,High,Software,Service Desk,24,25,Closed
1167,2025-01-20,2025-01-22 13:00:00,Medium,Access,Network Team,48,61,Closed
1168,2025-05-02,2025-05-04 11:00:00,Low,Software,Service Desk,72,59,Closed
1169,2025-06-02,2025-06-05 14:00:00,Low,Hardware,Network Team,72,86,Closed
1170,2025-02-17,2025-02-18 19:00:00,Medium,Access,Security Team,48,43,Closed
1171,2025-03-25,2025-03-27 14:00:00,Medium,Software,Infrastructure Team,48,62,Closed
1172,2025-05-18,2025-05-21 17:00:00,Low,Hardware,Infrastructure Team,72,89,Closed
1173,2025-03-18,2025-03-19 06:00:00,Medium,Network,Service Desk,48,30,Closed
1174,2025-03-27,2025-03-31 07:00:00,Low,Hardware,Network Team,72,103,Closed
1175,2025-01-21,2025-01-22 13:00:00,Medium,Network,Infrastructure Team,48,37,Closed
1176,2025-04-25,2025-04-28 23:00:00,Low,Software,Network Team,72,95,Closed
1177,2025-06-10,2025-06-12 07:00:00,Medium,Access,Network Team,48,55,Closed
1178,2025-03-17,2025-03-20 11:00:00,Medium,Access,Service Desk,48,83,Closed
1179,2025-03-29,2025-03-29 07:00:00,Critical,Software,Infrastructure Team,8,7,Closed
1180,2025-04-13,2025-04-15 13:00:00,Low,Access,Service Desk,72,61,Closed
1181,2025-03-23,2025-03-24 23:00:00,Medium,Access,Service Desk,48,47,Closed
1182,2025-02-02,2025-02-04 15:00:00,Low,Network,Infrastructure Team,72,63,Closed
1183,2025-06-25,2025-06-25 10:00:00,Critical,Software,Infrastructure Team,8,10,Closed
1184,2025-05-27,2025-05-27 08:00:00,High,Hardware,Security Team,24,8,Closed
1185,2025-01-13,2025-01-14 17:00:00,Low,Network,Security Team,72,41,Closed
1186,2025-02-09,2025-02-10 03:00:00,Medium,Software,Network Team,48,27,Closed
1187,2025-05-08,2025-05-09 09:00:00,High,Network,Infrastructure Team,24,33,Closed
1188,2025-03-02,2025-03-05 08:00:00,Medium,Hardware,Security Team,48,80,Closed
1189,2025-01-11,2025-01-12 21:00:00,Medium,Hardware,Network Team,48,45,Closed
1190,2025-06-15,2025-06-17 19:00:00,Low,Software,Network Team,72,67,Closed
1191,2025-05-08,2025-05-11 02:00:00,Low,Hardware,Network Team,72,74,Closed
1192,2025-03-14,2025-03-15 11:00:00,High,Network,Security Team,24,35,Closed
1193,2025-04-12,2025-04-12 05:00:00,Critical,Hardware,Infrastructure Team,8,5,Closed
1194,2025-05-03,2025-05-05 04:00:00,Medium,Network,Service Desk,48,52,Closed
1195,2025-05-25,2025-05-27 18:00:00,Medium,Network,Network Team,48,66,Closed
1196,2025-02-22,2025-02-24 09:00:00,Medium,Hardware,Security Team,48,57,Closed
1197,2025-06-21,2025-06-22 01:00:00,High,Software,Security Team,24,25,Closed
1198,2025-01-16,2025-01-17 09:00:00,High,Access,Service Desk,24,33,Closed
1199,2025-06-03,2025-06-03 01:00:00,High,Hardware,Service Desk,24,1,Closed
1200,2025-01-27,2025-01-28 06:00:00,High,Network,Security Team,24,30,Closed
1201,2025-03-03,2025-03-04 11:00:00,Medium,Network,Infrastructure Team,48,35,Closed
1202,2025-05-17,2025-05-17 19:00:00,Low,Hardware,Service Desk,72,19,Closed
1203,2025-03-14,2025-03-17 14:00:00,Low,Software,Security Team,72,86,Closed
1204,2025-04-03,2025-04-04 13:00:00,High,Software,Service Desk,24,37,Closed
1205,2025-01-08,2025-01-09 21:00:00,Medium,Network,Infrastructure Team,48,45,Closed
1206,2025-03-30,2025-04-03 03:00:00,Low,Network,Network Team,72,99,Closed
1207,2025-06-26,2025-06-30 22:00:00,Low,Software,Service Desk,72,118,Closed
1208,2025-03-14,2025-03-17 01:00:00,Medium,Access,Infrastructure Team,48,73,Closed
1209,2025-03-03,2025-03-07 23:00:00,Low,Hardware,Security Team,72,119,Closed
1210,2025-04-11,2025-04-14 21:00:00,Low,Network,Service Desk,72,93,Closed
1211,2025-05-03,2025-05-05 01:00:00,Medium,Network,Service Desk,48,49,Closed
1212,2025-01-29,2025-01-29 17:00:00,Medium,Software,Security Team,48,17,Closed
1213,2025-01-10,2025-01-11 19:00:00,Medium,Hardware,Network Team,48,43,Closed
1214,2025-06-12,2025-06-13 23:00:00,Low,Software,Security Team,72,47,Closed
1215,2025-01-03,2025-01-04 20:00:00,High,Hardware,Service Desk,24,44,Closed
1216,2025-05-13,2025-05-15 18:00:00,Low,Hardware,Security Team,72,66,Closed
1217,2025-05-28,2025-05-30 02:00:00,Medium,Hardware,Infrastructure Team,48,50,Closed
1218,2025-04-07,2025-04-08 05:00:00,High,Network,Security Team,24,29,Closed
1219,2025-05-31,2025-06-02 00:00:00,Medium,Access,Service Desk,48,48,Closed
1220,2025-06-04,2025-06-05 16:00:00,High,Software,Security Team,24,40,Closed
1221,2025-05-04,2025-05-05 12:00:00,Medium,Access,Network Team,48,36,Closed
1222,2025-05-05,2025-05-07 03:00:00,Medium,Software,Security Team,48,51,Closed
1223,2025-01-24,2025-01-26 02:00:00,Low,Hardware,Network Team,72,50,Closed
1224,2025-02-06,2025-02-06 22:00:00,Medium,Network,Infrastructure Team,48,22,Closed
1225,2025-05-27,2025-05-29 06:00:00,Low,Access,Network Team,72,54,Closed
1226,2025-06-14,2025-06-16 22:00:00,Low,Network,Security Team,72,70,Closed
1227,2025-05-29,2025-05-29 06:00:00,Critical,Software,Service Desk,8,6,Closed
1228,2025-02-19,2025-02-20 10:00:00,Medium,Network,Network Team,48,34,Closed
1229,2025-05-17,2025-05-17 10:00:00,High,Network,Infrastructure Team,24,10,Closed
1230,2025-03-18,2025-03-19 22:00:00,Medium,Access,Network Team,48,46,Closed
1231,2025-05-07,2025-05-07 09:00:00,High,Hardware,Network Team,24,9,Closed
1232,2025-04-21,2025-04-23 14:00:00,Medium,Network,Network Team,48,62,Closed
1233,2025-04-11,2025-04-13 01:00:00,Medium,Hardware,Infrastructure Team,48,49,Closed
1234,2025-03-27,2025-03-27 20:00:00,Medium,Software,Security Team,48,20,Closed
1235,2025-04-30,2025-05-02 15:00:00,Low,Network,Network Team,72,63,Closed
1236,2025-04-30,2025-04-30 16:00:00,High,Access,Network Team,24,16,Closed
1237,2025-01-22,2025-01-25 09:00:00,Low,Software,Service Desk,72,81,Closed
1238,2025-01-15,2025-01-19 14:00:00,Low,Software,Infrastructure Team,72,110,Closed
1239,2025-05-30,2025-05-30 11:00:00,Medium,Access,Network Team,48,11,Closed
1240,2025-06-21,2025-06-24 03:00:00,Low,Network,Infrastructure Team,72,75,Closed
1241,2025-03-12,2025-03-12 07:00:00,Critical,Network,Network Team,8,7,Closed
1242,2025-04-19,2025-04-19 10:00:00,Critical,Software,Security Team,8,10,Closed
1243,2025-05-08,2025-05-08 08:00:00,Critical,Network,Security Team,8,8,Closed
1244,2025-01-25,2025-01-26 09:00:00,Medium,Hardware,Network Team,48,33,Closed
1245,2025-05-12,2025-05-14 14:00:00,Low,Access,Security Team,72,62,Closed
1246,2025-05-15,2025-05-15 05:00:00,Critical,Hardware,Network Team,8,5,Closed
1247,2025-05-06,2025-05-08 20:00:00,Medium,Network,Security Team,48,68,Closed
1248,2025-05-26,2025-05-26 08:00:00,Critical,Software,Service Desk,8,8,Closed
1249,2025-01-16,2025-01-16 14:00:00,Critical,Access,Service Desk,8,14,Closed
1250,2025-04-04,2025-04-04 23:00:00,High,Network,Service Desk,24,23,Closed
1251,2025-06-16,2025-06-18 03:00:00,Low,Network,Infrastructure Team,72,51,Closed
1252,2025-02-22,2025-02-22 18:00:00,Medium,Software,Infrastructure Team,48,18,Closed
1253,2025-02-25,2025-02-25 06:00:00,High,Software,Service Desk,24,6,Closed
1254,2025-05-04,2025-05-04 17:00:00,Medium,Hardware,Infrastructure Team,48,17,Closed
1255,2025-05-16,2025-05-19 07:00:00,Low,Access,Security Team,72,79,Closed
1256,2025-03-28,2025-03-30 09:00:00,Medium,Access,Network Team,48,57,Closed
1257,2025-01-07,2025-01-07 02:00:00,Critical,Software,Network Team,8,2,Closed
1258,2025-05-03,2025-05-05 17:00:00,Medium,Hardware,Network Team,48,65,Closed
1259,2025-04-21,2025-04-22 14:00:00,Medium,Access,Service Desk,48,38,Closed
1260,2025-04-10,2025-04-13 04:00:00,Low,Software,Infrastructure Team,72,76,Closed
1261,2025-03-10,2025-03-13 06:00:00,Medium,Network,Security Team,48,78,Closed
1262,2025-04-18,2025-04-18 10:00:00,Critical,Access,Security Team,8,10,Closed
1263,2025-05-23,2025-05-25 16:00:00,Low,Hardware,Service Desk,72,64,Closed
1264,2025-06-20,2025-06-21 06:00:00,Medium,Hardware,Security Team,48,30,Closed
1265,2025-02-22,2025-02-22 03:00:00,High,Hardware,Security Team,24,3,Closed
1266,2025-05-11,2025-05-11 17:00:00,High,Network,Security Team,24,17,Closed
1267,2025-02-08,2025-02-09 19:00:00,Medium,Access,Security Team,48,43,Closed
1268,2025-06-21,2025-06-21 14:00:00,High,Access,Infrastructure Team,24,14,Closed
1269,2025-05-20,2025-05-21 21:00:00,Medium,Network,Security Team,48,45,Closed
1270,2025-03-05,2025-03-08 02:00:00,Low,Access,Network Team,72,74,Closed
1271,2025-01-18,2025-01-18 21:00:00,High,Network,Service Desk,24,21,Closed
1272,2025-05-11,2025-05-11 17:00:00,High,Network,Infrastructure Team,24,17,Closed
1273,2025-01-29,2025-01-30 01:00:00,High,Network,Security Team,24,25,Closed
1274,2025-03-17,2025-03-17 09:00:00,Critical,Hardware,Infrastructure Team,8,9,Closed
1275,2025-05-22,2025-05-23 03:00:00,Medium,Access,Security Team,48,27,Closed
1276,2025-04-12,2025-04-15 03:00:00,Medium,Network,Network Team,48,75,Closed
1277,2025-02-25,2025-02-25 23:00:00,High,Access,Service Desk,24,23,Closed
1278,2025-05-12,2025-05-14 00:00:00,Medium,Hardware,Security Team,48,48,Closed
1279,2025-04-20,2025-04-21 06:00:00,High,Network,Security Team,24,30,Closed
1280,2025-03-05,2025-03-06 02:00:00,High,Software,Security Team,24,26,Closed
1281,2025-01-10,2025-01-11 09:00:00,High,Hardware,Security Team,24,33,Closed
1282,2025-06-20,2025-06-22 05:00:00,Medium,Software,Service Desk,48,53,Closed
1283,2025-03-23,2025-03-24 12:00:00,Medium,Access,Service Desk,48,36,Closed
1284,2025-04-18,2025-04-21 10:00:00,Low,Access,Network Team,72,82,Closed
1285,2025-05-06,2025-05-07 02:00:00,Medium,Hardware,Service Desk,48,26,Closed
1286,2025-05-17,2025-05-20 03:00:00,Low,Access,Security Team,72,75,Closed
1287,2025-02-08,2025-02-09 23:00:00,Medium,Software,Network Team,48,47,Closed
1288,2025-06-29,2025-06-30 20:00:00,Medium,Network,Network Team,48,44,Closed
1289,2025-05-21,2025-05-23 20:00:00,Low,Network,Network Team,72,68,Closed
1290,2025-04-09,2025-04-09 11:00:00,Medium,Network,Security Team,48,11,Closed
1291,2025-06-05,2025-06-07 08:00:00,Low,Hardware,Infrastructure Team,72,56,Closed
1292,2025-06-15,2025-06-18 02:00:00,Low,Access,Security Team,72,74,Closed
1293,2025-06-10,2025-06-11 01:00:00,High,Software,Service Desk,24,25,Closed
1294,2025-05-25,2025-05-26 04:00:00,Medium,Access,Service Desk,48,28,Closed
1295,2025-06-10,2025-06-14 12:00:00,Low,Access,Security Team,72,108,Closed
1296,2025-03-18,2025-03-19 07:00:00,Medium,Access,Security Team,48,31,Closed
1297,2025-02-18,2025-02-19 09:00:00,High,Network,Network Team,24,33,Closed
1298,2025-01-08,2025-01-11 12:00:00,Low,Software,Security Team,72,84,Closed
1299,2025-06-22,2025-06-23 11:00:00,Medium,Software,Network Team,48,35,Closed
1300,2025-04-28,2025-05-03 03:00:00,Low,Access,Service Desk,72,123,Closed
1301,2025-05-09,2025-05-10 13:00:00,Low,Network,Network Team,72,37,Closed
1302,2025-04-15,2025-04-17 17:00:00,Medium,Network,Security Team,48,65,Closed
1303,2025-05-01,2025-05-03 19:00:00,Medium,Software,Service Desk,48,67,Closed
1304,2025-06-09,2025-06-10 11:00:00,Medium,Network,Infrastructure Team,48,35,Closed
1305,2025-06-26,2025-06-27 13:00:00,High,Network,Network Team,24,37,Closed
1306,2025-04-19,2025-04-19 07:00:00,Critical,Network,Service Desk,8,7,Closed
1307,2025-04-11,2025-04-13 05:00:00,Medium,Hardware,Network Team,48,53,Closed
1308,2025-04-17,2025-04-19 04:00:00,Medium,Access,Service Desk,48,52,Closed
1309,2025-02-14,2025-02-14 22:00:00,High,Software,Service Desk,24,22,Closed
1310,2025-03-14,2025-03-17 23:00:00,Low,Software,Network Team,72,95,Closed
1311,2025-06-24,2025-06-26 15:00:00,Medium,Hardware,Infrastructure Team,48,63,Closed
1312,2025-04-21,2025-04-21 21:00:00,Low,Access,Service Desk,72,21,Closed
1313,2025-04-01,2025-04-05 13:00:00,Low,Software,Service Desk,72,109,Closed
1314,2025-06-08,2025-06-08 02:00:00,Critical,Network,Service Desk,8,2,Closed
1315,2025-01-28,2025-01-29 09:00:00,High,Software,Infrastructure Team,24,33,Closed
1316,2025-04-10,2025-04-12 21:00:00,Medium,Network,Infrastructure Team,48,69,Closed
1317,2025-05-17,2025-05-18 03:00:00,Medium,Hardware,Security Team,48,27,Closed
1318,2025-04-04,2025-04-06 12:00:00,Low,Network,Network Team,72,60,Closed
1319,2025-01-23,2025-01-24 16:00:00,Low,Software,Infrastructure Team,72,40,Closed
1320,2025-01-20,2025-01-22 17:00:00,Low,Software,Network Team,72,65,Closed
1321,2025-05-14,2025-05-15 18:00:00,Medium,Software,Security Team,48,42,Closed
1322,2025-01-30,2025-01-31 07:00:00,High,Hardware,Network Team,24,31,Closed
1323,2025-05-02,2025-05-05 01:00:00,Medium,Hardware,Infrastructure Team,48,73,Closed
1324,2025-04-04,2025-04-08 16:00:00,Low,Access,Network Team,72,112,Closed
1325,2025-01-20,2025-01-20 06:00:00,Critical,Software,Infrastructure Team,8,6,Closed
1326,2025-06-10,2025-06-10 21:00:00,High,Network,Network Team,24,21,Closed
1327,2025-06-06,2025-06-06 15:00:00,Medium,Hardware,Infrastructure Team,48,15,Closed
1328,2025-03-24,2025-03-25 08:00:00,Medium,Software,Infrastructure Team,48,32,Closed
1329,2025-05-12,2025-05-14 18:00:00,Medium,Software,Network Team,48,66,Closed
1330,2025-01-23,2025-01-27 22:00:00,Low,Hardware,Security Team,72,118,Closed
1331,2025-01-10,2025-01-11 00:00:00,Medium,Access,Service Desk,48,24,Closed
1332,2025-05-16,2025-05-16 18:00:00,High,Hardware,Security Team,24,18,Closed
1333,2025-04-09,2025-04-11 23:00:00,Low,Hardware,Network Team,72,71,Closed
1334,2025-03-24,2025-03-27 08:00:00,Low,Network,Security Team,72,80,Closed
1335,2025-02-10,2025-02-12 00:00:00,Low,Network,Infrastructure Team,72,48,Closed
1336,2025-03-08,2025-03-11 12:00:00,Low,Access,Service Desk,72,84,Closed
1337,2025-06-29,2025-06-29 19:00:00,High,Software,Network Team,24,19,Closed
1338,2025-01-14,2025-01-14 23:00:00,High,Hardware,Network Team,24,23,Closed
1339,2025-06-18,2025-06-20 10:00:00,Medium,Access,Network Team,48,58,Closed
1340,2025-06-25,2025-06-28 00:00:00,Low,Network,Service Desk,72,72,Closed
1341,2025-01-29,2025-01-30 15:00:00,Medium,Hardware,Infrastructure Team,48,39,Closed
1342,2025-02-02,2025-02-03 21:00:00,Medium,Software,Network Team,48,45,Closed
1343,2025-04-24,2025-04-26 21:00:00,Low,Network,Security Team,72,69,Closed
1344,2025-01-15,2025-01-16 16:00:00,Medium,Network,Network Team,48,40,Closed
1345,2025-03-26,2025-03-27 19:00:00,Medium,Network,Network Team,48,43,Closed
1346,2025-03-01,2025-03-04 06:00:00,Medium,Access,Network Team,48,78,Closed
1347,2025-01-09,2025-01-11 10:00:00,Medium,Software,Network Team,48,58,Closed
1348,2025-06-11,2025-06-13 15:00:00,Low,Hardware,Infrastructure Team,72,63,Closed
1349,2025-05-22,2025-05-24 13:00:00,Medium,Access,Security Team,48,61,Closed
1350,2025-04-23,2025-04-24 17:00:00,Medium,Access,Infrastructure Team,48,41,Closed
1351,2025-06-27,2025-06-29 22:00:00,Medium,Access,Security Team,48,70,Closed
1352,2025-06-23,2025-06-24 03:00:00,High,Network,Network Team,24,27,Closed
1353,2025-01-26,2025-01-27 21:00:00,Medium,Software,Service Desk,48,45,Closed
1354,2025-01-16,2025-01-19 12:00:00,Low,Access,Infrastructure Team,72,84,Closed
1355,2025-01-13,2025-01-14 02:00:00,Low,Hardware,Service Desk,72,26,Closed
1356,2025-04-19,2025-04-20 02:00:00,Medium,Software,Infrastructure Team,48,26,Closed
1357,2025-05-20,2025-05-21 13:00:00,Low,Hardware,Network Team,72,37,Closed
1358,2025-06-22,2025-06-24 02:00:00,Medium,Software,Infrastructure Team,48,50,Closed
1359,2025-04-09,2025-04-09 13:00:00,Critical,Hardware,Network Team,8,13,Closed
1360,2025-06-02,2025-06-05 18:00:00,Medium,Network,Infrastructure Team,48,90,Closed
1361,2025-01-27,2025-01-29 12:00:00,Medium,Access,Network Team,48,60,Closed
1362,2025-06-11,2025-06-13 09:00:00,Medium,Hardware,Network Team,48,57,Closed
1363,2025-05-09,2025-05-09 13:00:00,Medium,Software,Security Team,48,13,Closed
1364,2025-06-05,2025-06-06 13:00:00,Medium,Access,Network Team,48,37,Closed
1365,2025-04-28,2025-04-28 05:00:00,Critical,Access,Security Team,8,5,Closed
1366,2025-06-01,2025-06-02 12:00:00,Medium,Software,Network Team,48,36,Closed
1367,2025-05-22,2025-05-22 07:00:00,Critical,Hardware,Service Desk,8,7,Closed
1368,2025-06-23,2025-06-23 06:00:00,Critical,Network,Network Team,8,6,Closed
1369,2025-01-03,2025-01-03 14:00:00,Low,Network,Service Desk,72,14,Closed
1370,2025-05-21,2025-05-24 21:00:00,Low,Hardware,Service Desk,72,93,Closed
1371,2025-04-11,2025-04-12 17:00:00,Low,Access,Network Team,72,41,Closed
1372,2025-05-20,2025-05-23 06:00:00,Low,Access,Service Desk,72,78,Closed
1373,2025-02-17,2025-02-22 11:00:00,Low,Access,Security Team,72,131,Closed
1374,2025-01-23,2025-01-24 06:00:00,Medium,Access,Infrastructure Team,48,30,Closed
1375,2025-02-12,2025-02-12 01:00:00,Low,Hardware,Network Team,72,1,Closed
1376,2025-01-31,2025-02-01 18:00:00,Medium,Access,Service Desk,48,42,Closed
1377,2025-01-01,2025-01-02 10:00:00,High,Software,Network Team,24,34,Closed
1378,2025-04-13,2025-04-18 08:00:00,Low,Access,Security Team,72,128,Closed
1379,2025-04-28,2025-04-28 12:00:00,High,Network,Network Team,24,12,Closed
1380,2025-01-12,2025-01-15 14:00:00,Low,Access,Network Team,72,86,Closed
1381,2025-06-24,2025-06-26 10:00:00,Low,Hardware,Service Desk,72,58,Closed
1382,2025-03-28,2025-03-29 21:00:00,Medium,Network,Security Team,48,45,Closed
1383,2025-04-12,2025-04-16 02:00:00,Medium,Hardware,Infrastructure Team,48,98,Closed
1384,2025-05-14,2025-05-14 09:00:00,High,Hardware,Infrastructure Team,24,9,Closed
1385,2025-05-09,2025-05-10 02:00:00,High,Network,Service Desk,24,26,Closed
1386,2025-01-12,2025-01-13 04:00:00,High,Hardware,Network Team,24,28,Closed
1387,2025-02-18,2025-02-22 07:00:00,Low,Hardware,Service Desk,72,103,Closed
1388,2025-01-10,2025-01-13 02:00:00,Low,Access,Service Desk,72,74,Closed
1389,2025-02-17,2025-02-18 02:00:00,High,Software,Service Desk,24,26,Closed
1390,2025-03-10,2025-03-10 20:00:00,High,Hardware,Network Team,24,20,Closed
1391,2025-06-09,2025-06-09 08:00:00,Critical,Hardware,Security Team,8,8,Closed
1392,2025-06-14,2025-06-15 17:00:00,Medium,Hardware,Service Desk,48,41,Closed
1393,2025-05-03,2025-05-05 11:00:00,Medium,Access,Network Team,48,59,Closed
1394,2025-03-12,2025-03-12 20:00:00,High,Software,Security Team,24,20,Closed
1395,2025-01-06,2025-01-08 07:00:00,Medium,Network,Service Desk,48,55,Closed
1396,2025-05-09,2025-05-09 07:00:00,Critical,Access,Infrastructure Team,8,7,Closed
1397,2025-03-31,2025-04-01 10:00:00,High,Access,Security Team,24,34,Closed
1398,2025-03-02,2025-03-03 23:00:00,Medium,Software,Service Desk,48,47,Closed
1399,2025-05-04,2025-05-04 06:00:00,High,Software,Security Team,24,6,Closed
1400,2025-02-18,2025-02-19 12:00:00,High,Access,Security Team,24,36,Closed
1401,2025-04-24,2025-04-25 21:00:00,Low,Network,Security Team,72,45,Closed
1402,2025-05-03,2025-05-03 05:00:00,Critical,Access,Security Team,8,5,Closed
1403,2025-06-08,2025-06-09 12:00:00,Medium,Software,Security Team,48,36,Closed
1404,2025-04-04,2025-04-05 13:00:00,High,Network,Security Team,24,37,Closed
1405,2025-03-22,2025-03-22 06:00:00,Medium,Software,Service Desk,48,6,Closed
1406,2025-06-22,2025-06-24 06:00:00,High,Network,Infrastructure Team,24,54,Closed
1407,2025-06-06,2025-06-08 20:00:00,Medium,Hardware,Network Team,48,68,Closed
1408,2025-02-09,2025-02-12 06:00:00,Low,Software,Security Team,72,78,Closed
1409,2025-03-12,2025-03-12 07:00:00,Critical,Software,Network Team,8,7,Closed
1410,2025-05-22,2025-05-25 08:00:00,Low,Access,Service Desk,72,80,Closed
1411,2025-04-03,2025-04-05 10:00:00,Medium,Software,Security Team,48,58,Closed
1412,2025-04-13,2025-04-13 10:00:00,Critical,Software,Infrastructure Team,8,10,Closed
1413,2025-06-14,2025-06-14 09:00:00,Critical,Hardware,Network Team,8,9,Closed
1414,2025-03-01,2025-03-03 01:00:00,Medium,Software,Security Team,48,49,Closed
1415,2025-01-20,2025-01-21 20:00:00,Medium,Hardware,Service Desk,48,44,Closed
1416,2025-03-26,2025-03-27 21:00:00,Medium,Hardware,Infrastructure Team,48,45,Closed
1417,2025-04-06,2025-04-08 18:00:00,Low,Hardware,Network Team,72,66,Closed
1418,2025-04-05,2025-04-07 21:00:00,Medium,Hardware,Network Team,48,69,Closed
1419,2025-02-06,2025-02-08 11:00:00,Medium,Network,Security Team,48,59,Closed
1420,2025-06-16,2025-06-16 01:00:00,High,Access,Infrastructure Team,24,1,Closed
1421,2025-01-25,2025-01-26 06:00:00,High,Network,Infrastructure Team,24,30,Closed
1422,2025-03-03,2025-03-04 01:00:00,High,Software,Infrastructure Team,24,25,Closed
1423,2025-05-23,2025-05-25 23:00:00,Low,Network,Infrastructure Team,72,71,Closed
1424,2025-02-04,2025-02-05 16:00:00,Medium,Network,Service Desk,48,40,Closed
1425,2025-06-09,2025-06-13 08:00:00,Low,Software,Infrastructure Team,72,104,Closed
1426,2025-03-09,2025-03-11 18:00:00,Medium,Software,Network Team,48,66,Closed
1427,2025-03-16,2025-03-17 09:00:00,Medium,Software,Network Team,48,33,Closed
1428,2025-02-17,2025-02-18 03:00:00,High,Network,Service Desk,24,27,Closed
1429,2025-04-20,2025-04-21 05:00:00,Medium,Network,Network Team,48,29,Closed
1430,2025-04-26,2025-04-27 08:00:00,Low,Software,Network Team,72,32,Closed
1431,2025-05-16,2025-05-18 05:00:00,Low,Access,Infrastructure Team,72,53,Closed
1432,2025-02-21,2025-02-22 08:00:00,High,Access,Network Team,24,32,Closed
1433,2025-05-22,2025-05-24 18:00:00,Medium,Hardware,Service Desk,48,66,Closed
1434,2025-04-01,2025-04-04 14:00:00,Low,Software,Infrastructure Team,72,86,Closed
1435,2025-04-15,2025-04-18 20:00:00,Low,Hardware,Security Team,72,92,Closed
1436,2025-01-19,2025-01-20 04:00:00,High,Access,Infrastructure Team,24,28,Closed
1437,2025-06-08,2025-06-10 05:00:00,Low,Hardware,Service Desk,72,53,Closed
1438,2025-03-25,2025-03-26 04:00:00,High,Software,Infrastructure Team,24,28,Closed
1439,2025-06-30,2025-07-01 07:00:00,High,Software,Infrastructure Team,24,31,Closed
1440,2025-01-08,2025-01-11 21:00:00,Low,Software,Service Desk,72,93,Closed
1441,2025-01-05,2025-01-09 10:00:00,Low,Network,Infrastructure Team,72,106,Closed
1442,2025-02-23,2025-02-23 10:00:00,Critical,Hardware,Service Desk,8,10,Closed
1443,2025-03-06,2025-03-08 06:00:00,Medium,Access,Service Desk,48,54,Closed
1444,2025-06-19,2025-06-21 20:00:00,Medium,Access,Security Team,48,68,Closed
1445,2025-03-30,2025-03-30 23:00:00,High,Access,Network Team,24,23,Closed
1446,2025-04-19,2025-04-19 05:00:00,Critical,Network,Network Team,8,5,Closed
1447,2025-01-21,2025-01-21 07:00:00,Critical,Network,Infrastructure Team,8,7,Closed
1448,2025-01-06,2025-01-06 16:00:00,High,Software,Infrastructure Team,24,16,Closed
1449,2025-03-24,2025-03-25 11:00:00,Medium,Access,Security Team,48,35,Closed
1450,2025-01-11,2025-01-13 19:00:00,Low,Network,Security Team,72,67,Closed
1451,2025-06-15,2025-06-15 16:00:00,High,Software,Security Team,24,16,Closed
1452,2025-03-03,2025-03-04 18:00:00,Medium,Access,Service Desk,48,42,Closed
1453,2025-03-02,2025-03-02 11:00:00,Medium,Hardware,Security Team,48,11,Closed
1454,2025-06-10,2025-06-10 08:00:00,Critical,Software,Security Team,8,8,Closed
1455,2025-02-13,2025-02-16 00:00:00,Low,Network,Infrastructure Team,72,72,Closed
1456,2025-04-22,2025-04-23 08:00:00,Medium,Network,Security Team,48,32,Closed
1457,2025-05-08,2025-05-11 18:00:00,Low,Software,Service Desk,72,90,Closed
1458,2025-05-19,2025-05-21 18:00:00,Medium,Software,Service Desk,48,66,Closed
1459,2025-03-25,2025-03-26 01:00:00,Low,Network,Infrastructure Team,72,25,Closed
1460,2025-04-06,2025-04-08 02:00:00,Low,Hardware,Security Team,72,50,Closed
1461,2025-04-02,2025-04-04 01:00:00,Low,Access,Security Team,72,49,Closed
1462,2025-03-12,2025-03-13 05:00:00,Medium,Hardware,Service Desk,48,29,Closed
1463,2025-03-04,2025-03-05 07:00:00,High,Software,Security Team,24,31,Closed
1464,2025-06-24,2025-06-25 20:00:00,Medium,Hardware,Security Team,48,44,Closed
1465,2025-01-25,2025-01-25 07:00:00,Critical,Network,Security Team,8,7,Closed
1466,2025-03-11,2025-03-11 09:00:00,Medium,Software,Network Team,48,9,Closed
1467,2025-04-29,2025-05-02 18:00:00,Low,Access,Infrastructure Team,72,90,Closed
1468,2025-05-16,2025-05-16 12:00:00,High,Network,Network Team,24,12,Closed
1469,2025-04-27,2025-04-30 01:00:00,Low,Network,Infrastructure Team,72,73,Closed
1470,2025-02-24,2025-02-24 08:00:00,Critical,Access,Service Desk,8,8,Closed
1471,2025-06-30,2025-07-04 15:00:00,Low,Access,Security Team,72,111,Closed
1472,2025-06-19,2025-06-19 03:00:00,Critical,Hardware,Infrastructure Team,8,3,Closed
1473,2025-02-17,2025-02-17 01:00:00,Low,Software,Network Team,72,1,Closed
1474,2025-05-21,2025-05-22 01:00:00,High,Access,Security Team,24,25,Closed
1475,2025-04-18,2025-04-21 10:00:00,Medium,Access,Service Desk,48,82,Closed
1476,2025-01-04,2025-01-04 11:00:00,Critical,Software,Infrastructure Team,8,11,Closed
1477,2025-01-19,2025-01-22 06:00:00,Low,Access,Infrastructure Team,72,78,Closed
1478,2025-01-27,2025-01-28 14:00:00,Medium,Access,Infrastructure Team,48,38,Closed
1479,2025-01-02,2025-01-02 10:00:00,Critical,Hardware,Security Team,8,10,Closed
1480,2025-06-19,2025-06-20 05:00:00,Medium,Network,Network Team,48,29,Closed
1481,2025-06-16,2025-06-18 09:00:00,Medium,Network,Network Team,48,57,Closed
1482,2025-05-30,2025-06-01 09:00:00,Medium,Network,Infrastructure Team,48,57,Closed
1483,2025-04-12,2025-04-14 20:00:00,Medium,Network,Service Desk,48,68,Closed
1484,2025-05-25,2025-05-29 04:00:00,Medium,Access,Service Desk,48,100,Closed
1485,2025-01-24,2025-01-26 07:00:00,Medium,Software,Network Team,48,55,Closed
1486,2025-03-18,2025-03-18 06:00:00,Critical,Software,Service Desk,8,6,Closed
1487,2025-06-13,2025-06-15 23:00:00,Low,Hardware,Network Team,72,71,Closed
1488,2025-06-19,2025-06-19 21:00:00,Low,Hardware,Infrastructure Team,72,21,Closed
1489,2025-02-03,2025-02-03 05:00:00,Critical,Access,Network Team,8,5,Closed
1490,2025-05-20,2025-05-20 20:00:00,High,Software,Network Team,24,20,Closed
1491,2025-01-21,2025-01-22 13:00:00,Medium,Software,Infrastructure Team,48,37,Closed
1492,2025-06-06,2025-06-08 02:00:00,Medium,Network,Service Desk,48,50,Closed
1493,2025-05-22,2025-05-24 00:00:00,Low,Access,Network Team,72,48,Closed
1494,2025-06-26,2025-06-30 08:00:00,Low,Access,Network Team,72,104,Closed
1495,2025-01-07,2025-01-09 00:00:00,Medium,Network,Infrastructure Team,48,48,Closed
1496,2025-05-11,2025-05-12 23:00:00,Medium,Access,Service Desk,48,47,Closed
1497,2025-05-09,2025-05-10 17:00:00,Medium,Access,Network Team,48,41,Closed
1498,2025-02-08,2025-02-11 04:00:00,Low,Hardware,Infrastructure Team,72,76,Closed
1499,2025-05-27,2025-05-27 10:00:00,Critical,Software,Network Team,8,10,Closed
1500,2025-05-26,2025-05-26 05:00:00,Critical,Access,Security Team,8,5,Closed
1501,2025-03-14,2025-03-15 11:00:00,Medium,Hardware,Infrastructure Team,48,35,Closed
1502,2025-03-03,2025-03-04 18:00:00,Medium,Software,Service Desk,48,42,Closed
1503,2025-03-25,2025-03-25 22:00:00,Medium,Network,Service Desk,48,22,Closed
1504,2025-01-05,2025-01-05 16:00:00,High,Hardware,Service Desk,24,16,Closed
1505,2025-04-07,2025-04-08 14:00:00,Medium,Hardware,Service Desk,48,38,Closed
1506,2025-05-10,2025-05-14 01:00:00,Low,Software,Network Team,72,97,Closed
1507,2025-01-01,2025-01-01 08:00:00,Critical,Network,Network Team,8,8,Closed
1508,2025-06-15,2025-06-16 01:00:00,High,Hardware,Service Desk,24,25,Closed
1509,2025-04-13,2025-04-13 10:00:00,Critical,Access,Service Desk,8,10,Closed
1510,2025-02-09,2025-02-09 22:00:00,High,Access,Service Desk,24,22,Closed
1511,2025-06-26,2025-06-28 07:00:00,Medium,Access,Network Team,48,55,Closed
1512,2025-04-21,2025-04-22 22:00:00,Medium,Network,Service Desk,48,46,Closed
1513,2025-02-05,2025-02-05 08:00:00,Critical,Hardware,Service Desk,8,8,Closed
1514,2025-05-24,2025-05-24 18:00:00,High,Access,Security Team,24,18,Closed
1515,2025-01-23,2025-01-23 01:00:00,Low,Network,Security Team,72,1,Closed
1516,2025-05-18,2025-05-20 20:00:00,Low,Access,Service Desk,72,68,Closed
1517,2025-02-24,2025-02-27 03:00:00,Medium,Software,Infrastructure Team,48,75,Closed
1518,2025-04-14,2025-04-15 08:00:00,High,Hardware,Service Desk,24,32,Closed
1519,2025-06-05,2025-06-05 11:00:00,Critical,Hardware,Security Team,8,11,Closed
1520,2025-03-08,2025-03-12 11:00:00,Low,Network,Infrastructure Team,72,107,Closed
1521,2025-01-15,2025-01-17 01:00:00,Medium,Network,Infrastructure Team,48,49,Closed
1522,2025-02-07,2025-02-09 03:00:00,Medium,Hardware,Service Desk,48,51,Closed
1523,2025-05-25,2025-05-25 06:00:00,Critical,Access,Security Team,8,6,Closed
1524,2025-03-03,2025-03-03 20:00:00,High,Access,Security Team,24,20,Closed
1525,2025-03-16,2025-03-17 05:00:00,High,Software,Infrastructure Team,24,29,Closed
1526,2025-05-24,2025-05-26 23:00:00,Medium,Access,Service Desk,48,71,Closed
1527,2025-06-22,2025-06-23 21:00:00,Medium,Network,Network Team,48,45,Closed
1528,2025-02-24,2025-02-26 11:00:00,Low,Network,Network Team,72,59,Closed
1529,2025-04-29,2025-05-02 00:00:00,Low,Access,Security Team,72,72,Closed
1530,2025-03-03,2025-03-04 05:00:00,High,Network,Network Team,24,29,Closed
1531,2025-04-09,2025-04-09 10:00:00,High,Hardware,Security Team,24,10,Closed
1532,2025-05-04,2025-05-04 01:00:00,Critical,Hardware,Security Team,8,1,Closed
1533,2025-02-17,2025-02-17 06:00:00,Critical,Access,Security Team,8,6,Closed
1534,2025-03-11,2025-03-12 00:00:00,Medium,Hardware,Network Team,48,24,Closed
1535,2025-02-18,2025-02-18 19:00:00,High,Hardware,Security Team,24,19,Closed
1536,2025-01-13,2025-01-13 07:00:00,Critical,Software,Infrastructure Team,8,7,Closed
1537,2025-05-06,2025-05-06 19:00:00,High,Software,Service Desk,24,19,Closed
1538,2025-06-30,2025-07-04 17:00:00,Low,Hardware,Service Desk,72,113,Closed
1539,2025-06-26,2025-06-28 06:00:00,Medium,Access,Security Team,48,54,Closed
1540,2025-06-25,2025-06-28 08:00:00,Low,Software,Service Desk,72,80,Closed
1541,2025-04-03,2025-04-03 09:00:00,Critical,Network,Network Team,8,9,Closed
1542,2025-03-09,2025-03-10 02:00:00,Medium,Network,Network Team,48,26,Closed
1543,2025-01-29,2025-02-02 05:00:00,Low,Network,Service Desk,72,101,Closed
1544,2025-01-10,2025-01-11 22:00:00,Medium,Access,Network Team,48,46,Closed
1545,2025-05-01,2025-05-03 12:00:00,Medium,Hardware,Service Desk,48,60,Closed
1546,2025-06-22,2025-06-23 03:00:00,Medium,Network,Service Desk,48,27,Closed
1547,2025-04-29,2025-04-30 03:00:00,Low,Access,Service Desk,72,27,Closed
1548,2025-04-25,2025-04-27 15:00:00,Medium,Software,Security Team,48,63,Closed
1549,2025-03-11,2025-03-13 07:00:00,Medium,Hardware,Service Desk,48,55,Closed
1550,2025-01-18,2025-01-18 15:00:00,High,Software,Security Team,24,15,Closed
1551,2025-03-20,2025-03-21 07:00:00,Medium,Access,Service Desk,48,31,Closed
1552,2025-04-02,2025-04-03 10:00:00,High,Network,Service Desk,24,34,Closed
1553,2025-06-09,2025-06-10 01:00:00,Medium,Network,Service Desk,48,25,Closed
1554,2025-04-25,2025-04-28 07:00:00,Medium,Access,Network Team,48,79,Closed
1555,2025-04-02,2025-04-02 15:00:00,High,Network,Security Team,24,15,Closed
1556,2025-02-16,2025-02-18 12:00:00,Medium,Hardware,Security Team,48,60,Closed
1557,2025-03-15,2025-03-17 14:00:00,Low,Access,Service Desk,72,62,Closed
1558,2025-05-19,2025-05-22 17:00:00,Low,Software,Service Desk,72,89,Closed
1559,2025-04-13,2025-04-13 18:00:00,High,Access,Network Team,24,18,Closed
1560,2025-01-03,2025-01-04 20:00:00,Medium,Hardware,Network Team,48,44,Closed
1561,2025-04-18,2025-04-19 00:00:00,High,Hardware,Network Team,24,24,Closed
1562,2025-02-24,2025-02-25 19:00:00,Low,Access,Security Team,72,43,Closed
1563,2025-05-19,2025-05-22 21:00:00,Low,Access,Security Team,72,93,Closed
1564,2025-01-20,2025-01-22 09:00:00,Low,Network,Security Team,72,57,Closed
1565,2025-02-23,2025-02-24 19:00:00,Medium,Hardware,Service Desk,48,43,Closed
1566,2025-05-15,2025-05-16 04:00:00,Medium,Access,Security Team,48,28,Closed
1567,2025-04-13,2025-04-13 01:00:00,Medium,Access,Infrastructure Team,48,1,Closed
1568,2025-01-19,2025-01-20 20:00:00,Medium,Hardware,Infrastructure Team,48,44,Closed
1569,2025-02-09,2025-02-09 15:00:00,Critical,Access,Network Team,8,15,Closed
1570,2025-03-25,2025-03-27 15:00:00,Medium,Network,Security Team,48,63,Closed
1571,2025-05-21,2025-05-22 23:00:00,Medium,Hardware,Infrastructure Team,48,47,Closed
1572,2025-02-14,2025-02-14 21:00:00,High,Network,Network Team,24,21,Closed
1573,2025-02-22,2025-02-24 00:00:00,Medium,Network,Security Team,48,48,Closed
1574,2025-05-22,2025-05-24 10:00:00,Medium,Network,Service Desk,48,58,Closed
1575,2025-01-13,2025-01-13 12:00:00,High,Network,Infrastructure Team,24,12,Closed
1576,2025-05-11,2025-05-11 11:00:00,Critical,Hardware,Service Desk,8,11,Closed
1577,2025-06-08,2025-06-11 20:00:00,Low,Network,Security Team,72,92,Closed
1578,2025-04-26,2025-04-26 10:00:00,Critical,Network,Infrastructure Team,8,10,Closed
1579,2025-05-07,2025-05-09 08:00:00,Medium,Access,Security Team,48,56,Closed
1580,2025-01-19,2025-01-22 00:00:00,Low,Hardware,Service Desk,72,72,Closed
1581,2025-05-07,2025-05-09 12:00:00,Medium,Hardware,Infrastructure Team,48,60,Closed
1582,2025-01-31,2025-01-31 09:00:00,Critical,Software,Service Desk,8,9,Closed
1583,2025-01-03,2025-01-04 17:00:00,Medium,Hardware,Security Team,48,41,Closed
1584,2025-01-06,2025-01-07 12:00:00,Medium,Hardware,Security Team,48,36,Closed
1585,2025-01-10,2025-01-12 01:00:00,Medium,Software,Service Desk,48,49,Closed
1586,2025-01-04,2025-01-08 20:00:00,Low,Hardware,Infrastructure Team,72,116,Closed
1587,2025-03-07,2025-03-08 12:00:00,Low,Hardware,Service Desk,72,36,Closed
1588,2025-06-12,2025-06-13 05:00:00,Low,Hardware,Security Team,72,29,Closed
1589,2025-05-31,2025-06-03 04:00:00,Low,Hardware,Service Desk,72,76,Closed
1590,2025-05-07,2025-05-10 01:00:00,Low,Software,Security Team,72,73,Closed
1591,2025-03-20,2025-03-23 04:00:00,Low,Hardware,Service Desk,72,76,Closed
1592,2025-04-22,2025-04-24 04:00:00,Medium,Hardware,Infrastructure Team,48,52,Closed
1593,2025-05-26,2025-05-28 17:00:00,Low,Software,Infrastructure Team,72,65,Closed
1594,2025-06-02,2025-06-05 04:00:00,Medium,Access,Service Desk,48,76,Closed
1595,2025-03-13,2025-03-13 08:00:00,High,Network,Service Desk,24,8,Closed
1596,2025-05-15,2025-05-16 08:00:00,Medium,Access,Infrastructure Team,48,32,Closed
1597,2025-03-12,2025-03-13 22:00:00,Medium,Software,Security Team,48,46,Closed
1598,2025-03-16,2025-03-17 00:00:00,Low,Network,Infrastructure Team,72,24,Closed
1599,2025-04-29,2025-05-01 18:00:00,Low,Software,Security Team,72,66,Closed
1600,2025-06-01,2025-06-05 23:00:00,Low,Software,Service Desk,72,119,Closed
1601,2025-02-16,2025-02-19 00:00:00,Low,Hardware,Service Desk,72,72,Closed
1602,2025-04-15,2025-04-18 06:00:00,Low,Network,Security Team,72,78,Closed
1603,2025-06-22,2025-06-23 11:00:00,Low,Hardware,Service Desk,72,35,Closed
1604,2025-04-11,2025-04-13 06:00:00,Low,Network,Security Team,72,54,Closed
1605,2025-01-10,2025-01-12 13:00:00,Low,Software,Network Team,72,61,Closed
1606,2025-06-10,2025-06-11 17:00:00,Medium,Software,Infrastructure Team,48,41,Closed
1607,2025-03-19,2025-03-23 12:00:00,Low,Access,Network Team,72,108,Closed
1608,2025-04-22,2025-04-24 10:00:00,Medium,Network,Security Team,48,58,Closed
1609,2025-06-27,2025-06-28 02:00:00,Medium,Hardware,Infrastructure Team,48,26,Closed
1610,2025-02-02,2025-02-04 04:00:00,Medium,Access,Security Team,48,52,Closed
1611,2025-04-06,2025-04-09 14:00:00,Low,Access,Infrastructure Team,72,86,Closed
1612,2025-02-03,2025-02-04 10:00:00,High,Access,Infrastructure Team,24,34,Closed
1613,2025-01-21,2025-01-24 06:00:00,Medium,Hardware,Infrastructure Team,48,78,Closed
1614,2025-02-26,2025-02-27 18:00:00,Low,Access,Infrastructure Team,72,42,Closed
1615,2025-01-04,2025-01-04 16:00:00,High,Hardware,Security Team,24,16,Closed
1616,2025-05-17,2025-05-17 03:00:00,Critical,Access,Infrastructure Team,8,3,Closed
1617,2025-02-22,2025-02-24 17:00:00,Low,Hardware,Infrastructure Team,72,65,Closed
1618,2025-05-25,2025-05-28 13:00:00,Low,Software,Network Team,72,85,Closed
1619,2025-06-20,2025-06-21 09:00:00,High,Software,Service Desk,24,33,Closed
1620,2025-05-05,2025-05-05 23:00:00,High,Software,Service Desk,24,23,Closed
1621,2025-02-14,2025-02-16 14:00:00,Low,Software,Network Team,72,62,Closed
1622,2025-03-28,2025-03-31 04:00:00,Low,Software,Network Team,72,76,Closed
1623,2025-06-04,2025-06-05 07:00:00,Medium,Access,Security Team,48,31,Closed
1624,2025-03-19,2025-03-22 16:00:00,Medium,Access,Security Team,48,88,Closed
1625,2025-06-17,2025-06-17 17:00:00,Medium,Access,Security Team,48,17,Closed
1626,2025-02-11,2025-02-13 03:00:00,Medium,Hardware,Network Team,48,51,Closed
1627,2025-03-18,2025-03-21 14:00:00,Medium,Hardware,Network Team,48,86,Closed
1628,2025-06-22,2025-06-23 00:00:00,High,Hardware,Infrastructure Team,24,24,Closed
1629,2025-06-10,2025-06-12 18:00:00,Low,Hardware,Security Team,72,66,Closed
1630,2025-04-10,2025-04-12 13:00:00,Low,Software,Security Team,72,61,Closed
1631,2025-02-15,2025-02-15 22:00:00,High,Software,Security Team,24,22,Closed
1632,2025-03-12,2025-03-13 13:00:00,High,Software,Service Desk,24,37,Closed
1633,2025-02-09,2025-02-09 05:00:00,Medium,Network,Infrastructure Team,48,5,Closed
1634,2025-05-10,2025-05-13 05:00:00,Medium,Access,Security Team,48,77,Closed
1635,2025-02-03,2025-02-04 06:00:00,Low,Hardware,Security Team,72,30,Closed
1636,2025-06-12,2025-06-13 18:00:00,Medium,Hardware,Security Team,48,42,Closed
1637,2025-04-25,2025-04-26 15:00:00,Medium,Software,Service Desk,48,39,Closed
1638,2025-04-28,2025-05-01 16:00:00,Low,Hardware,Service Desk,72,88,Closed
1639,2025-01-01,2025-01-02 01:00:00,Low,Hardware,Network Team,72,25,Closed
1640,2025-04-18,2025-04-20 08:00:00,Medium,Access,Infrastructure Team,48,56,Closed
1641,2025-05-15,2025-05-20 10:00:00,Low,Software,Network Team,72,130,Closed
1642,2025-01-03,2025-01-03 21:00:00,Medium,Access,Infrastructure Team,48,21,Closed
1643,2025-02-13,2025-02-16 05:00:00,Low,Network,Service Desk,72,77,Closed
1644,2025-03-14,2025-03-15 11:00:00,Medium,Network,Security Team,48,35,Closed
1645,2025-05-04,2025-05-07 12:00:00,Low,Network,Network Team,72,84,Closed
1646,2025-01-23,2025-01-24 00:00:00,High,Software,Security Team,24,24,Closed
1647,2025-03-21,2025-03-22 11:00:00,Medium,Hardware,Network Team,48,35,Closed
1648,2025-02-20,2025-02-22 09:00:00,Medium,Software,Service Desk,48,57,Closed
1649,2025-05-01,2025-05-02 17:00:00,High,Software,Service Desk,24,41,Closed
1650,2025-04-25,2025-04-26 20:00:00,Medium,Hardware,Service Desk,48,44,Closed
1651,2025-04-15,2025-04-18 20:00:00,Low,Access,Network Team,72,92,Closed
1652,2025-01-18,2025-01-18 23:00:00,Medium,Network,Infrastructure Team,48,23,Closed
1653,2025-06-02,2025-06-03 05:00:00,Medium,Access,Network Team,48,29,Closed
1654,2025-06-14,2025-06-15 04:00:00,High,Network,Infrastructure Team,24,28,Closed
1655,2025-04-09,2025-04-12 04:00:00,Medium,Software,Network Team,48,76,Closed
1656,2025-06-23,2025-06-26 10:00:00,Low,Network,Network Team,72,82,Closed
1657,2025-05-25,2025-05-27 14:00:00,Low,Software,Service Desk,72,62,Closed
1658,2025-02-18,2025-02-19 23:00:00,Medium,Access,Security Team,48,47,Closed
1659,2025-06-27,2025-06-27 23:00:00,Medium,Software,Security Team,48,23,Closed
1660,2025-02-15,2025-02-17 11:00:00,Medium,Access,Infrastructure Team,48,59,Closed
1661,2025-03-11,2025-03-13 16:00:00,Medium,Hardware,Security Team,48,64,Closed
1662,2025-02-10,2025-02-10 06:00:00,Critical,Hardware,Network Team,8,6,Closed
1663,2025-01-31,2025-02-01 14:00:00,Medium,Hardware,Network Team,48,38,Closed
1664,2025-03-22,2025-03-25 07:00:00,Low,Software,Service Desk,72,79,Closed
1665,2025-01-25,2025-01-27 11:00:00,Low,Hardware,Service Desk,72,59,Closed
1666,2025-02-24,2025-02-26 22:00:00,Low,Network,Security Team,72,70,Closed
1667,2025-01-28,2025-02-02 12:00:00,Low,Access,Infrastructure Team,72,132,Closed
1668,2025-01-11,2025-01-13 16:00:00,Low,Access,Security Team,72,64,Closed
1669,2025-04-20,2025-04-22 13:00:00,Low,Network,Security Team,72,61,Closed
1670,2025-06-22,2025-06-24 05:00:00,Low,Software,Security Team,72,53,Closed
1671,2025-04-05,2025-04-08 21:00:00,Low,Software,Security Team,72,93,Closed
1672,2025-03-11,2025-03-11 22:00:00,High,Access,Network Team,24,22,Closed
1673,2025-02-06,2025-02-08 05:00:00,Low,Hardware,Infrastructure Team,72,53,Closed
1674,2025-05-24,2025-05-27 01:00:00,Medium,Software,Network Team,48,73,Closed
1675,2025-02-15,2025-02-18 03:00:00,Medium,Software,Infrastructure Team,48,75,Closed
1676,2025-05-22,2025-05-22 06:00:00,Critical,Network,Service Desk,8,6,Closed
1677,2025-02-16,2025-02-16 18:00:00,Low,Network,Security Team,72,18,Closed
1678,2025-02-22,2025-02-24 19:00:00,Medium,Hardware,Network Team,48,67,Closed
1679,2025-01-29,2025-01-29 05:00:00,Critical,Software,Infrastructure Team,8,5,Closed
1680,2025-04-15,2025-04-16 07:00:00,High,Software,Service Desk,24,31,Closed
1681,2025-04-05,2025-04-05 05:00:00,High,Network,Service Desk,24,5,Closed
1682,2025-02-19,2025-02-23 01:00:00,Low,Software,Security Team,72,97,Closed
1683,2025-01-20,2025-01-21 13:00:00,Low,Access,Infrastructure Team,72,37,Closed
1684,2025-02-05,2025-02-07 14:00:00,Medium,Network,Network Team,48,62,Closed
1685,2025-02-11,2025-02-11 08:00:00,Critical,Hardware,Security Team,8,8,Closed
1686,2025-05-15,2025-05-16 05:00:00,Medium,Network,Network Team,48,29,Closed
1687,2025-05-20,2025-05-21 16:00:00,Medium,Software,Service Desk,48,40,Closed
1688,2025-02-19,2025-02-22 19:00:00,Low,Hardware,Network Team,72,91,Closed
1689,2025-04-15,2025-04-16 01:00:00,High,Network,Network Team,24,25,Closed
1690,2025-05-14,2025-05-17 16:00:00,Low,Access,Security Team,72,88,Closed
1691,2025-04-28,2025-05-01 13:00:00,Medium,Access,Network Team,48,85,Closed
1692,2025-03-18,2025-03-18 17:00:00,Medium,Network,Security Team,48,17,Closed
1693,2025-03-18,2025-03-21 07:00:00,Medium,Access,Service Desk,48,79,Closed
1694,2025-01-23,2025-01-26 03:00:00,Low,Access,Security Team,72,75,Closed
1695,2025-01-07,2025-01-08 22:00:00,Low,Access,Security Team,72,46,Closed
1696,2025-04-19,2025-04-19 22:00:00,Medium,Hardware,Infrastructure Team,48,22,Closed
1697,2025-06-10,2025-06-12 18:00:00,Low,Access,Network Team,72,66,Closed
1698,2025-03-07,2025-03-09 17:00:00,Medium,Access,Service Desk,48,65,Closed
1699,2025-01-24,2025-01-26 20:00:00,Low,Access,Security Team,72,68,Closed
1700,2025-03-04,2025-03-07 05:00:00,Medium,Hardware,Service Desk,48,77,Closed
1701,2025-01-22,2025-01-22 20:00:00,Medium,Network,Infrastructure Team,48,20,Closed
1702,2025-04-22,2025-04-24 23:00:00,Low,Software,Network Team,72,71,Closed
1703,2025-05-15,2025-05-15 23:00:00,Medium,Access,Security Team,48,23,Closed
1704,2025-05-27,2025-05-30 10:00:00,Low,Network,Network Team,72,82,Closed
1705,2025-05-03,2025-05-07 01:00:00,Low,Access,Infrastructure Team,72,97,Closed
1706,2025-03-30,2025-03-30 06:00:00,Critical,Hardware,Infrastructure Team,8,6,Closed
1707,2025-02-22,2025-02-22 01:00:00,Medium,Network,Service Desk,48,1,Closed
1708,2025-02-21,2025-02-22 01:00:00,High,Hardware,Security Team,24,25,Closed
1709,2025-06-29,2025-07-02 12:00:00,Low,Access,Service Desk,72,84,Closed
1710,2025-06-21,2025-06-23 07:00:00,Medium,Access,Infrastructure Team,48,55,Closed
1711,2025-04-18,2025-04-19 11:00:00,High,Hardware,Network Team,24,35,Closed
1712,2025-02-01,2025-02-02 03:00:00,Medium,Software,Service Desk,48,27,Closed
1713,2025-03-14,2025-03-16 13:00:00,Medium,Hardware,Service Desk,48,61,Closed
1714,2025-05-28,2025-05-30 22:00:00,Medium,Access,Network Team,48,70,Closed
1715,2025-03-25,2025-03-25 13:00:00,Medium,Hardware,Service Desk,48,13,Closed
1716,2025-05-11,2025-05-11 09:00:00,Critical,Software,Network Team,8,9,Closed
1717,2025-03-01,2025-03-01 19:00:00,High,Hardware,Security Team,24,19,Closed
1718,2025-06-14,2025-06-14 07:00:00,Critical,Software,Network Team,8,7,Closed
1719,2025-06-10,2025-06-13 10:00:00,Low,Software,Security Team,72,82,Closed
1720,2025-03-12,2025-03-12 19:00:00,High,Hardware,Network Team,24,19,Closed
1721,2025-04-26,2025-04-26 05:00:00,Critical,Hardware,Infrastructure Team,8,5,Closed
1722,2025-05-19,2025-05-22 00:00:00,Low,Network,Infrastructure Team,72,72,Closed
1723,2025-06-30,2025-07-01 16:00:00,Low,Access,Security Team,72,40,Closed
1724,2025-03-07,2025-03-07 13:00:00,High,Software,Security Team,24,13,Closed
1725,2025-04-08,2025-04-10 13:00:00,Medium,Network,Infrastructure Team,48,61,Closed
1726,2025-05-14,2025-05-14 12:00:00,High,Hardware,Security Team,24,12,Closed
1727,2025-04-03,2025-04-06 19:00:00,Low,Access,Network Team,72,91,Closed
1728,2025-06-02,2025-06-03 04:00:00,High,Network,Network Team,24,28,Closed
1729,2025-02-25,2025-02-25 22:00:00,Low,Software,Infrastructure Team,72,22,Closed
1730,2025-06-15,2025-06-17 04:00:00,Low,Network,Service Desk,72,52,Closed
1731,2025-05-19,2025-05-23 10:00:00,Low,Software,Network Team,72,106,Closed
1732,2025-04-14,2025-04-14 14:00:00,High,Hardware,Security Team,24,14,Closed
1733,2025-06-07,2025-06-08 15:00:00,Medium,Access,Service Desk,48,39,Closed
1734,2025-01-21,2025-01-23 08:00:00,Medium,Access,Service Desk,48,56,Closed
1735,2025-05-14,2025-05-16 15:00:00,Medium,Access,Network Team,48,63,Closed
1736,2025-04-23,2025-04-23 21:00:00,High,Hardware,Network Team,24,21,Closed
1737,2025-04-12,2025-04-13 12:00:00,Medium,Software,Service Desk,48,36,Closed
1738,2025-05-06,2025-05-07 13:00:00,High,Hardware,Service Desk,24,37,Closed
1739,2025-03-25,2025-03-28 09:00:00,Medium,Access,Infrastructure Team,48,81,Closed
1740,2025-06-23,2025-06-25 18:00:00,Medium,Hardware,Security Team,48,66,Closed
1741,2025-06-05,2025-06-07 01:00:00,Medium,Hardware,Infrastructure Team,48,49,Closed
1742,2025-03-10,2025-03-11 08:00:00,Medium,Hardware,Network Team,48,32,Closed
1743,2025-05-15,2025-05-15 16:00:00,High,Software,Infrastructure Team,24,16,Closed
1744,2025-02-06,2025-02-08 10:00:00,Medium,Network,Infrastructure Team,48,58,Closed
1745,2025-02-07,2025-02-10 12:00:00,Low,Network,Infrastructure Team,72,84,Closed
1746,2025-02-05,2025-02-06 13:00:00,High,Hardware,Infrastructure Team,24,37,Closed
1747,2025-01-17,2025-01-19 12:00:00,Medium,Network,Security Team,48,60,Closed
1748,2025-05-30,2025-05-30 19:00:00,Medium,Network,Security Team,48,19,Closed
1749,2025-06-06,2025-06-06 11:00:00,Critical,Hardware,Service Desk,8,11,Closed
1750,2025-04-27,2025-04-28 04:00:00,Medium,Hardware,Network Team,48,28,Closed
1751,2025-01-10,2025-01-12 12:00:00,Low,Access,Infrastructure Team,72,60,Closed
1752,2025-06-28,2025-06-28 08:00:00,Critical,Network,Service Desk,8,8,Closed
1753,2025-04-10,2025-04-13 14:00:00,Medium,Software,Service Desk,48,86,Closed
1754,2025-06-11,2025-06-15 11:00:00,Medium,Hardware,Service Desk,48,107,Closed
1755,2025-01-09,2025-01-12 17:00:00,Low,Access,Security Team,72,89,Closed
1756,2025-06-07,2025-06-07 22:00:00,High,Software,Infrastructure Team,24,22,Closed
1757,2025-05-20,2025-05-22 10:00:00,Medium,Network,Infrastructure Team,48,58,Closed
1758,2025-01-06,2025-01-08 17:00:00,Medium,Access,Network Team,48,65,Closed
1759,2025-03-13,2025-03-13 20:00:00,High,Hardware,Infrastructure Team,24,20,Closed
1760,2025-04-09,2025-04-10 17:00:00,High,Software,Infrastructure Team,24,41,Closed
1761,2025-05-02,2025-05-05 06:00:00,Low,Hardware,Service Desk,72,78,Closed
1762,2025-03-19,2025-03-21 09:00:00,Medium,Network,Network Team,48,57,Closed
1763,2025-04-15,2025-04-18 19:00:00,Low,Software,Infrastructure Team,72,91,Closed
1764,2025-03-21,2025-03-22 04:00:00,High,Network,Security Team,24,28,Closed
1765,2025-03-10,2025-03-14 00:00:00,Low,Network,Infrastructure Team,72,96,Closed
1766,2025-05-22,2025-05-23 12:00:00,Medium,Access,Service Desk,48,36,Closed
1767,2025-03-01,2025-03-01 18:00:00,High,Hardware,Security Team,24,18,Closed
1768,2025-04-11,2025-04-11 13:00:00,High,Software,Service Desk,24,13,Closed
1769,2025-05-30,2025-06-01 08:00:00,Medium,Network,Infrastructure Team,48,56,Closed
1770,2025-05-23,2025-05-24 07:00:00,High,Network,Security Team,24,31,Closed
1771,2025-01-24,2025-01-27 13:00:00,Low,Software,Network Team,72,85,Closed
1772,2025-01-06,2025-01-07 16:00:00,High,Network,Network Team,24,40,Closed
1773,2025-05-29,2025-05-31 23:00:00,Low,Access,Security Team,72,71,Closed
1774,2025-05-28,2025-05-30 12:00:00,Medium,Access,Security Team,48,60,Closed
1775,2025-01-10,2025-01-10 13:00:00,High,Access,Service Desk,24,13,Closed
1776,2025-05-05,2025-05-07 12:00:00,Low,Access,Security Team,72,60,Closed
1777,2025-05-16,2025-05-19 20:00:00,Low,Network,Service Desk,72,92,Closed
1778,2025-04-25,2025-04-26 08:00:00,High,Software,Infrastructure Team,24,32,Closed
1779,2025-05-03,2025-05-03 21:00:00,High,Software,Service Desk,24,21,Closed
1780,2025-02-09,2025-02-10 22:00:00,Medium,Software,Security Team,48,46,Closed
1781,2025-03-10,2025-03-10 18:00:00,Medium,Software,Security Team,48,18,Closed
1782,2025-02-17,2025-02-18 17:00:00,Medium,Hardware,Infrastructure Team,48,41,Closed
1783,2025-06-11,2025-06-15 01:00:00,Low,Software,Security Team,72,97,Closed
1784,2025-03-26,2025-03-28 11:00:00,Medium,Hardware,Security Team,48,59,Closed
1785,2025-06-17,2025-06-20 14:00:00,Low,Hardware,Network Team,72,86,Closed
1786,2025-01-26,2025-01-26 08:00:00,Critical,Access,Network Team,8,8,Closed
1787,2025-05-23,2025-05-25 00:00:00,Medium,Hardware,Infrastructure Team,48,48,Closed
1788,2025-06-24,2025-06-25 11:00:00,Medium,Network,Service Desk,48,35,Closed
1789,2025-02-19,2025-02-21 13:00:00,Medium,Hardware,Network Team,48,61,Closed
1790,2025-03-10,2025-03-10 09:00:00,Critical,Access,Service Desk,8,9,Closed
1791,2025-04-02,2025-04-05 14:00:00,Low,Hardware,Security Team,72,86,Closed
1792,2025-04-20,2025-04-21 13:00:00,Medium,Network,Network Team,48,37,Closed
1793,2025-01-01,2025-01-01 06:00:00,Medium,Network,Infrastructure Team,48,6,Closed
1794,2025-05-30,2025-06-01 21:00:00,Medium,Network,Infrastructure Team,48,69,Closed
1795,2025-03-31,2025-04-02 10:00:00,Low,Access,Infrastructure Team,72,58,Closed
1796,2025-01-08,2025-01-08 15:00:00,High,Access,Network Team,24,15,Closed
1797,2025-04-07,2025-04-07 10:00:00,Critical,Software,Service Desk,8,10,Closed
1798,2025-05-18,2025-05-19 16:00:00,Medium,Access,Security Team,48,40,Closed
1799,2025-03-22,2025-03-24 20:00:00,Medium,Network,Service Desk,48,68,Closed
1800,2025-05-17,2025-05-17 09:00:00,Critical,Network,Service Desk,8,9,Closed
1801,2025-06-09,2025-06-10 06:00:00,High,Access,Security Team,24,30,Closed
1802,2025-05-26,2025-05-27 08:00:00,Low,Hardware,Security Team,72,32,Closed
1803,2025-05-19,2025-05-21 23:00:00,Medium,Access,Network Team,48,71,Closed
1804,2025-06-20,2025-06-22 05:00:00,Medium,Access,Network Team,48,53,Closed
1805,2025-06-19,2025-06-20 16:00:00,Medium,Network,Network Team,48,40,Closed
1806,2025-04-13,2025-04-14 01:00:00,High,Software,Network Team,24,25,Closed
1807,2025-03-18,2025-03-18 02:00:00,Critical,Network,Network Team,8,2,Closed
1808,2025-06-04,2025-06-04 09:00:00,Critical,Software,Security Team,8,9,Closed
1809,2025-02-06,2025-02-07 04:00:00,Medium,Network,Service Desk,48,28,Closed
1810,2025-02-23,2025-02-24 09:00:00,Low,Access,Network Team,72,33,Closed
1811,2025-06-30,2025-06-30 03:00:00,Critical,Network,Network Team,8,3,Closed
1812,2025-02-22,2025-02-23 10:00:00,High,Network,Service Desk,24,34,Closed
1813,2025-06-29,2025-07-01 05:00:00,Low,Network,Network Team,72,53,Closed
1814,2025-05-30,2025-05-30 12:00:00,Critical,Access,Service Desk,8,12,Closed
1815,2025-05-05,2025-05-05 18:00:00,High,Access,Service Desk,24,18,Closed
1816,2025-05-20,2025-05-20 15:00:00,Medium,Access,Security Team,48,15,Closed
1817,2025-01-29,2025-01-30 02:00:00,Medium,Access,Infrastructure Team,48,26,Closed
1818,2025-05-01,2025-05-03 23:00:00,Medium,Software,Security Team,48,71,Closed
1819,2025-01-10,2025-01-12 19:00:00,Low,Software,Infrastructure Team,72,67,Closed
1820,2025-05-30,2025-05-31 13:00:00,Medium,Hardware,Infrastructure Team,48,37,Closed
1821,2025-04-07,2025-04-08 01:00:00,High,Access,Infrastructure Team,24,25,Closed
1822,2025-02-14,2025-02-17 14:00:00,Low,Software,Network Team,72,86,Closed
1823,2025-01-23,2025-01-25 21:00:00,Medium,Network,Security Team,48,69,Closed
1824,2025-04-26,2025-04-29 03:00:00,Medium,Access,Infrastructure Team,48,75,Closed
1825,2025-04-24,2025-04-25 17:00:00,Medium,Hardware,Service Desk,48,41,Closed
1826,2025-03-21,2025-03-21 03:00:00,Critical,Hardware,Network Team,8,3,Closed
1827,2025-02-09,2025-02-10 16:00:00,Medium,Hardware,Security Team,48,40,Closed
1828,2025-05-22,2025-05-24 04:00:00,Medium,Network,Infrastructure Team,48,52,Closed
1829,2025-01-11,2025-01-11 14:00:00,High,Software,Service Desk,24,14,Closed
1830,2025-01-26,2025-01-27 05:00:00,Medium,Network,Security Team,48,29,Closed
1831,2025-06-14,2025-06-17 09:00:00,Low,Access,Security Team,72,81,Closed
1832,2025-03-17,2025-03-18 23:00:00,Medium,Hardware,Network Team,48,47,Closed
1833,2025-01-06,2025-01-09 00:00:00,Low,Network,Security Team,72,72,Closed
1834,2025-05-11,2025-05-13 02:00:00,Low,Network,Network Team,72,50,Closed
1835,2025-01-15,2025-01-16 19:00:00,Medium,Software,Infrastructure Team,48,43,Closed
1836,2025-02-26,2025-02-27 06:00:00,Medium,Software,Network Team,48,30,Closed
1837,2025-02-05,2025-02-05 10:00:00,Critical,Hardware,Service Desk,8,10,Closed
1838,2025-03-28,2025-03-30 19:00:00,Medium,Network,Network Team,48,67,Closed
1839,2025-01-09,2025-01-09 12:00:00,Medium,Network,Service Desk,48,12,Closed
1840,2025-04-11,2025-04-12 06:00:00,Medium,Software,Network Team,48,30,Closed
1841,2025-03-27,2025-03-28 04:00:00,Low,Network,Security Team,72,28,Closed
1842,2025-03-01,2025-03-02 11:00:00,Medium,Network,Infrastructure Team,48,35,Closed
1843,2025-03-01,2025-03-03 21:00:00,Low,Network,Service Desk,72,69,Closed
1844,2025-06-10,2025-06-10 03:00:00,Critical,Software,Network Team,8,3,Closed
1845,2025-06-27,2025-06-28 21:00:00,Low,Hardware,Network Team,72,45,Closed
1846,2025-06-04,2025-06-05 04:00:00,Medium,Access,Network Team,48,28,Closed
1847,2025-02-19,2025-02-22 05:00:00,Low,Hardware,Security Team,72,77,Closed
1848,2025-05-11,2025-05-11 08:00:00,Critical,Access,Security Team,8,8,Closed
1849,2025-03-17,2025-03-18 10:00:00,Medium,Network,Service Desk,48,34,Closed
1850,2025-04-22,2025-04-24 03:00:00,Medium,Hardware,Service Desk,48,51,Closed
1851,2025-06-01,2025-06-03 08:00:00,Low,Access,Security Team,72,56,Closed
1852,2025-04-01,2025-04-01 21:00:00,High,Software,Service Desk,24,21,Closed
1853,2025-05-14,2025-05-19 00:00:00,Low,Software,Infrastructure Team,72,120,Closed
1854,2025-05-01,2025-05-02 12:00:00,High,Hardware,Infrastructure Team,24,36,Closed
1855,2025-05-17,2025-05-18 10:00:00,Low,Hardware,Security Team,72,34,Closed
1856,2025-01-06,2025-01-09 23:00:00,Low,Network,Service Desk,72,95,Closed
1857,2025-03-29,2025-04-01 23:00:00,Low,Hardware,Network Team,72,95,Closed
1858,2025-01-02,2025-01-03 01:00:00,Medium,Network,Infrastructure Team,48,25,Closed
1859,2025-03-14,2025-03-16 15:00:00,Medium,Network,Security Team,48,63,Closed
1860,2025-03-06,2025-03-10 20:00:00,Low,Software,Service Desk,72,116,Closed
1861,2025-01-04,2025-01-04 13:00:00,High,Software,Security Team,24,13,Closed
1862,2025-01-02,2025-01-03 06:00:00,Medium,Access,Network Team,48,30,Closed
1863,2025-04-12,2025-04-14 19:00:00,Medium,Software,Infrastructure Team,48,67,Closed
1864,2025-04-30,2025-05-02 05:00:00,Medium,Software,Security Team,48,53,Closed
1865,2025-04-01,2025-04-03 10:00:00,Medium,Hardware,Security Team,48,58,Closed
1866,2025-06-17,2025-06-19 06:00:00,Medium,Software,Security Team,48,54,Closed
1867,2025-05-27,2025-05-30 11:00:00,Low,Access,Network Team,72,83,Closed
1868,2025-05-18,2025-05-19 09:00:00,Low,Hardware,Security Team,72,33,Closed
1869,2025-01-19,2025-01-20 10:00:00,High,Access,Network Team,24,34,Closed
1870,2025-05-31,2025-05-31 11:00:00,Critical,Software,Network Team,8,11,Closed
1871,2025-02-11,2025-02-12 19:00:00,Medium,Access,Network Team,48,43,Closed
1872,2025-04-21,2025-04-23 22:00:00,Low,Hardware,Infrastructure Team,72,70,Closed
1873,2025-04-03,2025-04-03 18:00:00,Medium,Network,Infrastructure Team,48,18,Closed
1874,2025-01-12,2025-01-14 09:00:00,Medium,Access,Security Team,48,57,Closed
1875,2025-01-20,2025-01-23 16:00:00,Low,Access,Security Team,72,88,Closed
1876,2025-06-21,2025-06-23 22:00:00,Low,Hardware,Infrastructure Team,72,70,Closed
1877,2025-03-25,2025-03-26 10:00:00,High,Hardware,Service Desk,24,34,Closed
1878,2025-06-14,2025-06-15 17:00:00,Medium,Access,Infrastructure Team,48,41,Closed
1879,2025-05-22,2025-05-25 16:00:00,Low,Software,Network Team,72,88,Closed
1880,2025-05-19,2025-05-20 18:00:00,Low,Access,Infrastructure Team,72,42,Closed
1881,2025-01-29,2025-01-31 23:00:00,Low,Hardware,Network Team,72,71,Closed
1882,2025-02-07,2025-02-08 20:00:00,Medium,Network,Security Team,48,44,Closed
1883,2025-04-03,2025-04-06 06:00:00,Low,Network,Service Desk,72,78,Closed
1884,2025-01-10,2025-01-12 13:00:00,Low,Software,Security Team,72,61,Closed
1885,2025-02-28,2025-02-28 22:00:00,High,Access,Network Team,24,22,Closed
1886,2025-04-10,2025-04-13 23:00:00,Low,Network,Network Team,72,95,Closed
1887,2025-04-04,2025-04-05 15:00:00,Medium,Access,Network Team,48,39,Closed
1888,2025-01-22,2025-01-23 01:00:00,Low,Hardware,Service Desk,72,25,Closed
1889,2025-06-21,2025-06-26 02:00:00,Low,Network,Infrastructure Team,72,122,Closed
1890,2025-02-22,2025-02-26 15:00:00,Low,Software,Security Team,72,111,Closed
1891,2025-05-24,2025-05-24 11:00:00,High,Hardware,Security Team,24,11,Closed
1892,2025-02-02,2025-02-03 06:00:00,High,Software,Infrastructure Team,24,30,Closed
1893,2025-05-19,2025-05-19 19:00:00,High,Hardware,Security Team,24,19,Closed
1894,2025-04-07,2025-04-09 05:00:00,Medium,Network,Service Desk,48,53,Closed
1895,2025-01-28,2025-01-30 05:00:00,Medium,Software,Security Team,48,53,Closed
1896,2025-03-31,2025-04-02 17:00:00,Low,Software,Network Team,72,65,Closed
1897,2025-03-15,2025-03-17 01:00:00,Low,Hardware,Infrastructure Team,72,49,Closed
1898,2025-04-04,2025-04-04 17:00:00,High,Software,Service Desk,24,17,Closed
1899,2025-02-07,2025-02-08 21:00:00,Low,Hardware,Infrastructure Team,72,45,Closed
1900,2025-05-19,2025-05-21 00:00:00,Low,Hardware,Service Desk,72,48,Closed
1901,2025-03-07,2025-03-09 22:00:00,Low,Hardware,Network Team,72,70,Closed
1902,2025-03-23,2025-03-25 03:00:00,Low,Hardware,Infrastructure Team,72,51,Closed
1903,2025-02-18,2025-02-21 19:00:00,Low,Network,Security Team,72,91,Closed
1904,2025-06-23,2025-06-26 04:00:00,Medium,Hardware,Service Desk,48,76,Closed
1905,2025-02-25,2025-02-26 12:00:00,Medium,Access,Infrastructure Team,48,36,Closed
1906,2025-06-30,2025-07-01 02:00:00,High,Software,Security Team,24,26,Closed
1907,2025-03-28,2025-03-29 04:00:00,High,Access,Infrastructure Team,24,28,Closed
1908,2025-03-12,2025-03-14 09:00:00,Medium,Network,Infrastructure Team,48,57,Closed
1909,2025-04-25,2025-04-28 02:00:00,Low,Access,Infrastructure Team,72,74,Closed
1910,2025-05-31,2025-06-02 14:00:00,Medium,Software,Service Desk,48,62,Closed
1911,2025-05-14,2025-05-16 09:00:00,Medium,Access,Security Team,48,57,Closed
1912,2025-02-05,2025-02-06 12:00:00,Low,Network,Network Team,72,36,Closed
1913,2025-02-06,2025-02-08 16:00:00,Medium,Hardware,Service Desk,48,64,Closed
1914,2025-05-24,2025-05-26 17:00:00,Medium,Access,Service Desk,48,65,Closed
1915,2025-04-02,2025-04-03 09:00:00,Medium,Network,Service Desk,48,33,Closed
1916,2025-01-11,2025-01-13 00:00:00,Medium,Network,Network Team,48,48,Closed
1917,2025-05-18,2025-05-21 19:00:00,Low,Software,Security Team,72,91,Closed
1918,2025-04-18,2025-04-18 07:00:00,Critical,Software,Security Team,8,7,Closed
1919,2025-03-23,2025-03-24 10:00:00,High,Access,Security Team,24,34,Closed
1920,2025-05-18,2025-05-23 20:00:00,Low,Hardware,Infrastructure Team,72,140,Closed
1921,2025-01-08,2025-01-08 16:00:00,High,Network,Infrastructure Team,24,16,Closed
1922,2025-04-29,2025-04-29 21:00:00,Medium,Access,Infrastructure Team,48,21,Closed
1923,2025-04-13,2025-04-14 02:00:00,High,Network,Network Team,24,26,Closed
1924,2025-01-16,2025-01-17 06:00:00,High,Network,Infrastructure Team,24,30,Closed
1925,2025-03-08,2025-03-09 19:00:00,Medium,Hardware,Network Team,48,43,Closed
1926,2025-05-18,2025-05-22 17:00:00,Low,Hardware,Security Team,72,113,Closed
1927,2025-05-26,2025-05-27 09:00:00,Low,Access,Infrastructure Team,72,33,Closed
1928,2025-03-21,2025-03-23 13:00:00,Medium,Hardware,Infrastructure Team,48,61,Closed
1929,2025-05-22,2025-05-23 12:00:00,Medium,Hardware,Service Desk,48,36,Closed
1930,2025-02-11,2025-02-16 01:00:00,Low,Access,Network Team,72,121,Closed
1931,2025-04-03,2025-04-08 09:00:00,Low,Hardware,Security Team,72,129,Closed
1932,2025-06-30,2025-06-30 16:00:00,High,Software,Service Desk,24,16,Closed
1933,2025-01-02,2025-01-02 06:00:00,Critical,Network,Service Desk,8,6,Closed
1934,2025-01-20,2025-01-22 16:00:00,Medium,Network,Security Team,48,64,Closed
1935,2025-02-07,2025-02-09 12:00:00,Low,Network,Service Desk,72,60,Closed
1936,2025-04-17,2025-04-19 22:00:00,Low,Network,Network Team,72,70,Closed
1937,2025-05-25,2025-05-28 00:00:00,Low,Access,Network Team,72,72,Closed
1938,2025-06-26,2025-06-26 01:00:00,Critical,Network,Infrastructure Team,8,1,Closed
1939,2025-02-26,2025-02-28 23:00:00,Low,Network,Service Desk,72,71,Closed
1940,2025-01-10,2025-01-11 10:00:00,Medium,Network,Infrastructure Team,48,34,Closed
1941,2025-06-25,2025-06-27 09:00:00,Low,Network,Service Desk,72,57,Closed
1942,2025-06-16,2025-06-19 03:00:00,Medium,Software,Network Team,48,75,Closed
1943,2025-06-18,2025-06-18 23:00:00,Medium,Network,Network Team,48,23,Closed
1944,2025-05-10,2025-05-11 07:00:00,High,Software,Network Team,24,31,Closed
1945,2025-04-08,2025-04-10 15:00:00,Low,Access,Service Desk,72,63,Closed
1946,2025-05-05,2025-05-07 15:00:00,Low,Hardware,Network Team,72,63,Closed
1947,2025-03-08,2025-03-11 22:00:00,Low,Network,Service Desk,72,94,Closed
1948,2025-01-22,2025-01-22 09:00:00,Critical,Hardware,Infrastructure Team,8,9,Closed
1949,2025-02-05,2025-02-06 05:00:00,High,Hardware,Service Desk,24,29,Closed
1950,2025-04-21,2025-04-23 18:00:00,Medium,Access,Infrastructure Team,48,66,Closed
1951,2025-01-31,2025-02-01 17:00:00,Medium,Hardware,Service Desk,48,41,Closed
1952,2025-06-08,2025-06-09 12:00:00,Medium,Software,Infrastructure Team,48,36,Closed
1953,2025-05-14,2025-05-15 16:00:00,Low,Hardware,Network Team,72,40,Closed
1954,2025-01-23,2025-01-23 05:00:00,Critical,Hardware,Infrastructure Team,8,5,Closed
1955,2025-05-08,2025-05-12 08:00:00,Medium,Hardware,Network Team,48,104,Closed
1956,2025-03-23,2025-03-25 23:00:00,Medium,Network,Network Team,48,71,Closed
1957,2025-02-20,2025-02-20 22:00:00,Medium,Network,Infrastructure Team,48,22,Closed
1958,2025-02-03,2025-02-04 09:00:00,Low,Software,Service Desk,72,33,Closed
1959,2025-05-18,2025-05-21 13:00:00,Low,Software,Service Desk,72,85,Closed
1960,2025-05-22,2025-05-23 05:00:00,High,Network,Security Team,24,29,Closed
1961,2025-04-03,2025-04-06 15:00:00,Low,Software,Service Desk,72,87,Closed
1962,2025-01-29,2025-01-30 19:00:00,Medium,Network,Security Team,48,43,Closed
1963,2025-04-10,2025-04-12 20:00:00,Low,Access,Service Desk,72,68,Closed
1964,2025-01-28,2025-01-30 06:00:00,Medium,Hardware,Service Desk,48,54,Closed
1965,2025-02-24,2025-02-27 02:00:00,Low,Hardware,Network Team,72,74,Closed
1966,2025-02-04,2025-02-04 05:00:00,Medium,Software,Security Team,48,5,Closed
1967,2025-01-04,2025-01-04 21:00:00,High,Network,Service Desk,24,21,Closed
1968,2025-01-10,2025-01-11 23:00:00,Low,Network,Security Team,72,47,Closed
1969,2025-05-19,2025-05-21 03:00:00,Medium,Software,Network Team,48,51,Closed
1970,2025-05-23,2025-05-27 09:00:00,Medium,Network,Network Team,48,105,Closed
1971,2025-03-09,2025-03-11 07:00:00,Medium,Access,Security Team,48,55,Closed
1972,2025-01-01,2025-01-01 06:00:00,Critical,Hardware,Network Team,8,6,Closed
1973,2025-02-20,2025-02-21 08:00:00,High,Software,Infrastructure Team,24,32,Closed
1974,2025-01-15,2025-01-18 13:00:00,Low,Software,Infrastructure Team,72,85,Closed
1975,2025-01-17,2025-01-20 12:00:00,Low,Network,Network Team,72,84,Closed
1976,2025-04-19,2025-04-22 17:00:00,Low,Software,Infrastructure Team,72,89,Closed
1977,2025-05-01,2025-05-04 15:00:00,Medium,Access,Service Desk,48,87,Closed
1978,2025-02-11,2025-02-12 15:00:00,Low,Network,Security Team,72,39,Closed
1979,2025-01-06,2025-01-08 09:00:00,Medium,Network,Service Desk,48,57,Closed
1980,2025-02-23,2025-02-24 06:00:00,Medium,Network,Security Team,48,30,Closed
1981,2025-03-29,2025-03-31 10:00:00,Medium,Network,Network Team,48,58,Closed
1982,2025-04-17,2025-04-17 15:00:00,High,Access,Service Desk,24,15,Closed
1983,2025-03-28,2025-03-30 11:00:00,Low,Network,Network Team,72,59,Closed
1984,2025-04-29,2025-05-01 15:00:00,Low,Software,Network Team,72,63,Closed
1985,2025-06-10,2025-06-11 09:00:00,High,Access,Security Team,24,33,Closed
1986,2025-02-07,2025-02-09 17:00:00,Medium,Hardware,Security Team,48,65,Closed
1987,2025-05-21,2025-05-22 00:00:00,Medium,Hardware,Security Team,48,24,Closed
1988,2025-06-05,2025-06-07 01:00:00,Medium,Software,Service Desk,48,49,Closed
1989,2025-02-07,2025-02-09 03:00:00,Low,Software,Infrastructure Team,72,51,Closed
1990,2025-03-28,2025-03-28 11:00:00,High,Access,Security Team,24,11,Closed
1991,2025-02-21,2025-02-21 21:00:00,High,Hardware,Security Team,24,21,Closed
1992,2025-04-14,2025-04-15 18:00:00,Medium,Hardware,Service Desk,48,42,Closed
1993,2025-05-27,2025-06-01 21:00:00,Low,Hardware,Security Team,72,141,Closed
1994,2025-02-05,2025-02-07 08:00:00,Medium,Hardware,Service Desk,48,56,Closed
1995,2025-02-10,2025-02-10 21:00:00,Medium,Hardware,Network Team,48,21,Closed
1996,2025-03-22,2025-03-24 07:00:00,Low,Network,Security Team,72,55,Closed
1997,2025-05-14,2025-05-14 11:00:00,Critical,Software,Security Team,8,11,Closed
1998,2025-01-16,2025-01-21 12:00:00,Low,Network,Network Team,72,132,Closed
1999,2025-06-02,2025-06-02 02:00:00,Critical,Hardware,Network Team,8,2,Closed
2000,2025-03-30,2025-03-30 11:00:00,Medium,Access,Network Team,48,11,Closed
